userid,6251,6575,7346,11676,13552,16795,17950,21014,23872,23902,28634,30735,35857,35859,37712,37950,43246,46398,52584,53174,56447,66942,68555,69389,70666,73681,75819,88693,88733,89602,91113,93047,95359,95932,101851,102647,104636,105028,105517,105979,107784,110912,110934,113270,126492,135149,136382,140000,140358,147847,148744,150979,153662,158295,158433,159506,162639,164323,165308,170513,177432,187145,187256,196077,200226,203240,204864,210485,211426,214786,220688,224349,225763,226965,227705,229741,231210,232945,235282,236340,236757,241980,242083,245410,255489,258534,261829,265115,270713,271448,274004
6251,1.000000,0.000000,0.000000,0.000000,0.000000,1.000000,0.000000,0.000000,0.000000,0.000000,0.000000,0.000000,0.000000,0.000000,0.000000,0.000000,0.000000,0.000000,0.000000,0.000000,1.000000,0.000000,0.000000,0.000000,0.000000,0.000000,0.000000,0.000000,0.000000,0.000000,0.000000,0.000000,1.000000,0.000000,0.000000,0.000000,0.000000,0.000000,0.000000,0.000000,0.000000,0.000000,0.000000,0.000000,0.000000,1.000000,0.000000,0.000000,0.000000,0.000000,0.000000,0.000000,0.866025,0.000000,0.000000,0.000000,0.500000,0.000000,1.000000,0.000000,0.000000,0.000000,0.000000,0.000000,0.000000,0.000000,0.683130,0.000000,0.000000,0.000000,0.000000,0.000000,0.000000,0.000000,-1.000000,0.000000,0.000000,0.000000,0.000000,0.000000,1.000000,0.000000,1.000000,1.000000,0.000000,0.000000,0.000000,0.000000,0.000000,0.000000,0.000000
6575,0.000000,1.000000,0.000000,0.228692,0.000000,0.000000,0.000000,0.000000,0.000000,-1.000000,0.000000,0.917663,0.000000,0.000000,0.000000,0.000000,-0.500000,0.000000,0.000000,0.000000,0.000000,0.000000,0.000000,0.000000,0.000000,0.000000,0.000000,0.000000,0.000000,1.000000,0.000000,0.000000,1.000000,0.000000,0.000000,0.000000,0.000000,0.000000,0.000000,0.000000,0.000000,0.000000,0.000000,0.000000,0.000000,0.000000,1.000000,0.000000,0.000000,0.000000,0.000000,0.000000,0.000000,1.000000,0.000000,0.000000,1.000000,1.000000,0.000000,0.000000,0.000000,0.000000,0.000000,0.000000,0.000000,0.000000,0.000000,0.000000,0.000000,0.000000,0.000000,0.000000,1.000000,0.000000,0.000000,0.000000,0.000000,0.000000,0.000000,0.000000,0.000000,0.000000,0.000000,0.000000,0.000000,0.500000,0.000000,0.000000,0.000000,0.000000,0.000000
7346,0.000000,0.000000,1.000000,-0.185419,0.000000,-1.000000,0.000000,0.000000,0.000000,0.000000,1.000000,0.000000,0.000000,0.000000,0.000000,0.000000,1.000000,0.000000,0.000000,0.000000,0.000000,-1.000000,0.000000,0.000000,1.000000,1.000000,0.000000,0.000000,0.000000,0.000000,-0.866025,0.000000,-1.000000,0.000000,1.000000,0.000000,0.000000,0.000000,0.000000,-1.000000,1.000000,-1.000000,0.000000,0.000000,0.000000,0.000000,0.000000,1.000000,0.000000,0.000000,0.000000,0.870388,0.000000,1.000000,0.000000,0.000000,0.866025,0.000000,-1.000000,0.000000,0.000000,0.000000,0.000000,0.000000,-1.000000,0.000000,0.000000,-0.500000,1.000000,-0.333333,0.000000,0.000000,0.774597,0.000000,0.000000,-0.755929,0.000000,0.500000,0.000000,0.000000,0.000000,-1.000000,-1.000000,0.000000,0.000000,0.000000,0.000000,-1.000000,-0.654654,0.000000,0.000000
11676,0.000000,0.228692,-0.185419,1.000000,-0.603023,0.095570,-0.991241,-0.413664,0.904534,0.209032,-0.322413,0.633054,0.615385,-0.469607,0.031607,0.081728,-0.100504,0.110096,-0.870388,-0.866025,-0.077615,0.889297,-0.171828,0.000000,0.201008,0.000000,-0.367884,0.764866,0.915417,0.739510,0.628619,0.567962,0.343890,0.500000,0.000000,-0.192539,-0.145033,-0.472456,0.201148,-0.214467,-0.217791,-0.267630,0.687500,0.054554,-0.141264,-0.314614,-0.146148,-0.474515,0.000000,0.260133,-0.570055,0.279145,0.080565,-0.138978,-0.069037,-0.375046,-0.456337,-0.633921,0.266291,-0.392953,0.560449,-0.493742,0.221163,-0.424641,-0.381140,0.235160,0.000000,0.093330,0.422577,0.383023,0.366432,-0.580948,-0.231455,0.118125,-0.438874,-0.176434,-0.405287,-0.158114,-0.146868,-0.192450,-0.109764,-0.065478,-0.141731,-0.384111,0.094283,-0.378326,0.157483,0.618025,-0.339855,0.240723,-0.016062
13552,0.000000,0.000000,0.000000,-0.603023,1.000000,0.394771,1.000000,0.000000,0.000000,0.000000,0.000000,0.000000,0.000000,-1.000000,0.000000,0.866025,0.000000,0.000000,0.000000,0.000000,0.000000,0.000000,0.000000,0.000000,1.000000,0.000000,0.000000,0.000000,0.000000,1.000000,0.000000,0.000000,0.000000,0.000000,0.000000,0.000000,0.597614,0.000000,0.000000,1.000000,0.000000,0.000000,0.000000,0.000000,-0.500000,1.000000,0.000000,-1.000000,0.000000,0.000000,0.000000,1.000000,0.000000,0.000000,0.000000,0.000000,0.000000,0.000000,0.000000,0.000000,0.000000,0.000000,0.000000,0.000000,0.000000,0.000000,0.000000,0.000000,0.000000,0.000000,0.000000,0.000000,0.000000,0.000000,-1.000000,0.000000,0.000000,0.000000,0.000000,0.852803,0.000000,0.000000,0.870388,0.000000,0.000000,0.000000,0.000000,0.000000,1.000000,0.000000,0.000000
16795,1.000000,0.000000,-1.000000,0.095570,0.394771,1.000000,0.000000,0.565916,0.000000,0.000000,0.000000,0.000000,-0.500000,-0.308327,0.000000,0.000000,0.000000,0.000000,-0.301511,0.981981,0.000000,0.000000,0.000000,0.000000,0.755929,0.000000,0.000000,-0.359211,0.000000,0.982708,0.000000,0.000000,-0.455173,0.000000,0.000000,0.000000,0.241554,-1.000000,0.693375,-0.078947,0.727607,0.000000,-0.500000,-0.341753,0.870864,0.000000,1.000000,0.000000,0.000000,1.000000,0.000000,0.500000,-0.471405,0.981981,-0.233550,-1.000000,-1.000000,0.866025,-0.188982,-0.327327,0.000000,1.000000,1.000000,-1.000000,0.000000,-0.188982,0.016755,0.492366,0.000000,0.000000,0.000000,1.000000,0.716977,-1.000000,0.410792,-0.500000,-0.968496,-0.878310,-0.866025,-0.500000,0.866025,-0.174078,0.161165,0.000000,-1.000000,-0.657143,-0.319801,0.000000,-0.080064,0.054866,-1.000000
17950,0.000000,0.000000,0.000000,-0.991241,1.000000,0.000000,1.000000,0.000000,0.000000,0.000000,0.000000,0.000000,0.000000,0.000000,0.000000,0.000000,0.000000,0.000000,0.000000,0.000000,0.000000,0.000000,0.000000,0.000000,-1.000000,0.000000,0.000000,0.000000,0.000000,0.000000,0.000000,0.000000,0.000000,0.000000,0.000000,0.000000,-1.000000,0.000000,0.000000,0.000000,0.000000,0.000000,0.000000,0.000000,1.000000,0.000000,0.000000,0.000000,0.000000,0.000000,0.000000,-0.327327,-1.000000,0.000000,0.000000,0.000000,0.000000,0.000000,0.000000,0.000000,0.000000,0.000000,0.000000,0.000000,1.000000,0.000000,0.000000,0.000000,1.000000,0.000000,0.000000,0.000000,0.000000,0.000000,0.000000,-1.000000,0.000000,0.000000,0.000000,0.000000,0.000000,0.000000,0.000000,0.000000,0.000000,0.000000,0.000000,0.000000,0.000000,1.000000,0.000000
21014,0.000000,0.000000,0.000000,-0.413664,0.000000,0.565916,0.000000,1.000000,0.000000,0.000000,0.000000,0.000000,0.000000,0.000000,0.000000,0.000000,0.000000,0.000000,0.000000,1.000000,0.000000,0.000000,0.000000,0.000000,0.000000,0.000000,0.000000,-1.000000,0.000000,0.000000,0.000000,0.000000,-0.464420,0.000000,0.000000,0.000000,0.000000,0.000000,0.000000,0.000000,0.000000,0.000000,0.000000,0.000000,0.000000,0.000000,0.000000,0.000000,0.000000,0.000000,0.000000,0.000000,0.000000,0.000000,0.000000,0.000000,0.000000,0.000000,0.080064,0.000000,0.000000,0.000000,-1.000000,1.000000,0.000000,0.000000,1.000000,0.000000,0.000000,0.000000,0.000000,1.000000,0.000000,0.000000,0.000000,0.500000,0.000000,0.000000,0.000000,0.000000,1.000000,0.000000,0.000000,0.000000,0.000000,0.000000,0.000000,0.000000,1.000000,0.000000,0.000000
23872,0.000000,0.000000,0.000000,0.904534,0.000000,0.000000,0.000000,0.000000,1.000000,0.000000,0.000000,0.000000,0.000000,0.000000,0.000000,0.000000,0.000000,0.000000,0.000000,0.000000,0.000000,0.000000,0.000000,0.000000,0.000000,0.000000,0.000000,0.000000,0.000000,0.000000,0.000000,0.000000,0.000000,0.000000,-1.000000,0.000000,0.000000,0.000000,0.000000,0.000000,0.000000,0.000000,0.707107,0.000000,0.669894,0.000000,0.000000,0.000000,0.000000,0.000000,0.000000,0.000000,0.000000,0.000000,0.000000,0.000000,0.000000,0.000000,0.000000,0.000000,1.000000,0.000000,0.000000,0.000000,0.000000,0.000000,0.000000,0.000000,0.174078,1.000000,0.000000,0.000000,0.000000,0.000000,0.000000,1.000000,0.000000,0.000000,0.000000,-1.000000,0.000000,0.000000,-0.802955,0.866025,0.500000,0.000000,0.000000,0.000000,0.000000,0.000000,0.000000
23902,0.000000,-1.000000,0.000000,0.209032,0.000000,0.000000,0.000000,0.000000,0.000000,1.000000,-0.996116,0.000000,0.000000,0.000000,1.000000,0.000000,0.000000,0.000000,0.000000,0.000000,0.000000,0.000000,-1.000000,0.000000,0.000000,0.000000,0.000000,0.000000,0.000000,0.000000,0.000000,0.000000,0.000000,0.000000,0.000000,0.000000,-0.500000,0.000000,0.000000,0.000000,0.000000,0.000000,0.000000,0.000000,0.000000,1.000000,1.000000,0.000000,0.000000,0.000000,0.000000,0.000000,0.000000,0.000000,0.000000,0.866025,0.000000,-0.866025,1.000000,0.000000,0.000000,0.000000,0.000000,0.000000,0.000000,0.000000,0.000000,0.000000,0.000000,0.000000,0.000000,0.000000,0.000000,0.000000,0.000000,-1.000000,0.000000,0.000000,0.000000,0.000000,0.000000,0.000000,0.000000,0.000000,1.000000,-1.000000,0.000000,0.000000,0.000000,0.000000,0.000000
28634,0.000000,0.000000,1.000000,-0.322413,0.000000,0.000000,0.000000,0.000000,0.000000,-0.996116,1.000000,0.000000,0.000000,0.000000,0.000000,0.000000,0.000000,0.000000,0.000000,0.000000,0.000000,-0.866025,0.917663,0.000000,1.000000,0.000000,0.000000,0.000000,0.000000,0.000000,0.000000,0.000000,0.000000,0.000000,0.000000,0.000000,0.000000,0.000000,0.000000,0.000000,0.000000,0.000000,0.000000,0.000000,0.000000,-0.333333,0.000000,0.000000,0.000000,0.000000,0.000000,0.000000,0.000000,0.000000,0.000000,0.000000,0.942809,0.790569,-1.000000,0.000000,0.000000,0.000000,0.000000,1.000000,0.000000,0.000000,0.000000,0.000000,0.000000,0.000000,1.000000,0.000000,0.000000,0.000000,0.000000,0.000000,0.000000,0.408248,0.000000,0.000000,0.000000,0.000000,0.000000,0.000000,0.000000,-0.500000,0.000000,1.000000,0.000000,0.000000,1.000000
30735,0.000000,0.917663,0.000000,0.633054,0.000000,0.000000,0.000000,0.000000,0.000000,0.000000,0.000000,1.000000,0.000000,0.000000,0.000000,0.000000,0.000000,0.000000,0.000000,0.000000,0.000000,-0.500000,0.000000,0.000000,0.000000,0.000000,0.000000,0.000000,0.000000,0.000000,0.000000,0.000000,0.000000,0.000000,0.000000,0.000000,0.000000,0.000000,-1.000000,0.000000,0.000000,0.000000,0.000000,0.000000,0.000000,0.000000,0.000000,0.000000,0.000000,0.000000,0.000000,0.000000,0.000000,0.000000,0.000000,-0.500000,0.000000,0.000000,0.000000,0.000000,0.000000,0.000000,0.000000,0.000000,0.000000,0.000000,0.000000,0.000000,0.000000,0.000000,0.000000,0.000000,0.000000,0.000000,0.000000,-0.500000,0.000000,0.000000,0.000000,0.000000,0.000000,0.000000,-0.188982,0.000000,0.000000,0.000000,0.000000,0.000000,0.000000,0.000000,0.000000
35857,0.000000,0.000000,0.000000,0.615385,0.000000,-0.500000,0.000000,0.000000,0.000000,0.000000,0.000000,0.000000,1.000000,0.000000,0.000000,0.000000,0.000000,0.000000,0.000000,0.000000,0.000000,0.000000,0.000000,0.000000,0.866025,0.000000,0.000000,0.000000,0.000000,0.000000,0.000000,0.000000,0.755929,0.000000,0.000000,0.000000,-1.000000,1.000000,0.000000,0.000000,0.000000,0.000000,0.000000,0.000000,0.000000,0.000000,0.000000,0.000000,0.000000,0.000000,0.000000,0.000000,0.000000,0.000000,0.000000,0.000000,1.000000,0.000000,0.000000,0.000000,0.000000,0.000000,0.000000,0.000000,0.000000,0.000000,0.000000,0.943880,0.000000,0.000000,0.000000,1.000000,0.000000,0.000000,0.000000,-1.000000,0.000000,0.000000,0.000000,0.000000,0.000000,0.000000,0.000000,0.000000,0.000000,0.000000,0.000000,0.000000,0.000000,0.000000,0.000000
35859,0.000000,0.000000,0.000000,-0.469607,-1.000000,-0.308327,0.000000,0.000000,0.000000,0.000000,0.000000,0.000000,0.000000,1.000000,0.000000,0.000000,-0.327327,0.000000,0.000000,0.000000,0.000000,1.000000,0.000000,0.000000,0.000000,0.000000,0.000000,0.000000,0.000000,0.000000,0.000000,0.000000,0.000000,0.000000,0.000000,0.000000,0.245718,0.000000,0.000000,-1.000000,-0.188982,1.000000,-1.000000,1.000000,1.000000,0.500000,0.000000,0.944911,0.000000,0.000000,0.577350,0.000000,0.000000,-1.000000,0.000000,0.000000,-1.000000,0.000000,0.000000,1.000000,1.000000,0.000000,0.000000,0.000000,1.000000,0.000000,0.000000,0.000000,0.000000,0.000000,0.000000,0.000000,0.000000,0.000000,1.000000,0.000000,0.000000,0.000000,0.000000,1.000000,-1.000000,0.333333,0.000000,-0.500000,0.500000,1.000000,0.000000,0.000000,0.000000,0.000000,0.000000
37712,0.000000,0.000000,0.000000,0.031607,0.000000,0.000000,0.000000,0.000000,0.000000,1.000000,0.000000,0.000000,0.000000,0.000000,1.000000,0.000000,0.000000,0.000000,0.000000,0.000000,0.000000,0.000000,0.000000,0.000000,0.000000,0.000000,0.000000,0.000000,0.000000,0.530330,0.000000,0.000000,0.987829,0.000000,0.000000,0.000000,0.000000,0.000000,0.000000,0.000000,0.000000,1.000000,1.000000,0.000000,0.000000,0.000000,0.000000,0.000000,0.000000,0.000000,0.000000,0.000000,0.000000,0.000000,0.000000,0.000000,1.000000,0.000000,0.642824,-1.000000,0.000000,0.000000,0.000000,-1.000000,0.000000,0.000000,0.000000,1.000000,0.000000,0.000000,-0.683130,0.000000,0.000000,0.000000,0.000000,0.750194,0.000000,0.000000,0.000000,1.000000,0.000000,0.000000,0.000000,0.000000,1.000000,0.000000,0.000000,-1.000000,-1.000000,0.000000,0.000000
37950,0.000000,0.000000,0.000000,0.081728,0.866025,0.000000,0.000000,0.000000,0.000000,0.000000,0.000000,0.000000,0.000000,0.000000,0.000000,1.000000,0.000000,0.000000,0.000000,0.000000,0.000000,0.000000,0.000000,0.000000,0.000000,-1.000000,0.000000,1.000000,1.000000,0.000000,0.000000,1.000000,0.000000,0.000000,0.000000,-0.866025,-0.233126,0.000000,0.000000,-1.000000,0.000000,0.000000,0.000000,0.000000,-0.852803,1.000000,1.000000,1.000000,0.000000,0.000000,0.000000,-1.000000,0.000000,0.816497,0.000000,0.944911,-1.000000,-1.000000,0.000000,0.000000,0.000000,1.000000,0.000000,-1.000000,1.000000,0.000000,1.000000,0.000000,1.000000,0.000000,1.000000,0.000000,0.000000,0.000000,0.122628,0.000000,0.000000,0.000000,-1.000000,1.000000,0.000000,0.000000,0.557370,0.188982,-0.981981,0.000000,0.000000,0.000000,1.000000,0.000000,0.000000
43246,0.000000,-0.500000,1.000000,-0.100504,0.000000,0.000000,0.000000,0.000000,0.000000,0.000000,0.000000,0.000000,0.000000,-0.327327,0.000000,0.000000,1.000000,0.000000,0.000000,0.000000,0.000000,0.000000,0.000000,0.000000,0.000000,0.000000,0.000000,0.000000,0.000000,1.000000,0.000000,0.000000,-0.866025,0.000000,0.000000,0.000000,-1.000000,0.000000,0.000000,-1.000000,0.000000,-0.133631,0.000000,0.000000,0.000000,0.000000,0.277350,0.000000,0.000000,1.000000,0.000000,1.000000,0.000000,0.000000,0.000000,0.000000,-1.000000,0.000000,0.000000,1.000000,0.000000,0.000000,0.000000,-0.802955,0.000000,0.000000,0.000000,0.000000,0.000000,0.000000,0.000000,0.000000,0.755929,0.000000,0.000000,0.000000,0.000000,0.000000,-1.000000,1.000000,1.000000,0.000000,0.000000,0.000000,0.000000,-1.000000,0.000000,-1.000000,-1.000000,0.000000,0.000000
46398,0.000000,0.000000,0.000000,0.110096,0.000000,0.000000,0.000000,0.000000,0.000000,0.000000,0.000000,0.000000,0.000000,0.000000,0.000000,0.000000,0.000000,1.000000,0.000000,0.000000,0.000000,0.000000,0.000000,0.000000,0.000000,0.000000,0.000000,0.000000,0.000000,0.000000,0.000000,0.000000,1.000000,0.000000,0.000000,0.000000,0.000000,0.000000,1.000000,0.000000,0.000000,0.000000,0.000000,0.000000,0.000000,0.000000,0.000000,0.000000,0.000000,0.000000,0.000000,0.000000,0.000000,0.000000,0.000000,0.000000,0.000000,0.000000,0.000000,0.000000,0.000000,0.000000,0.500000,0.000000,0.000000,0.000000,0.333333,0.000000,0.000000,0.000000,0.000000,0.000000,0.000000,0.000000,0.000000,0.000000,0.000000,0.000000,-1.000000,0.000000,0.000000,0.000000,0.000000,0.000000,0.000000,0.000000,-1.000000,0.000000,0.000000,0.970725,0.000000
52584,0.000000,0.000000,0.000000,-0.870388,0.000000,-0.301511,0.000000,0.000000,0.000000,0.000000,0.000000,0.000000,0.000000,0.000000,0.000000,0.000000,0.000000,0.000000,1.000000,0.000000,0.000000,0.000000,0.000000,0.000000,0.000000,0.000000,0.000000,0.000000,0.000000,0.000000,0.000000,0.000000,0.000000,0.000000,0.000000,0.000000,-1.000000,0.000000,0.000000,1.000000,0.000000,0.000000,0.000000,1.000000,0.000000,0.000000,0.000000,0.596040,0.000000,0.000000,0.000000,0.000000,0.000000,0.000000,-1.000000,0.000000,0.000000,0.000000,0.000000,1.000000,0.000000,0.000000,0.000000,0.000000,0.000000,0.000000,0.000000,0.000000,0.000000,0.000000,0.000000,0.000000,0.000000,0.000000,0.000000,0.000000,1.000000,0.000000,0.000000,0.000000,0.000000,0.000000,0.000000,0.000000,-1.000000,0.000000,0.000000,0.000000,0.000000,0.000000,0.000000
53174,0.000000,0.000000,0.000000,-0.866025,0.000000,0.981981,0.000000,1.000000,0.000000,0.000000,0.000000,0.000000,0.000000,0.000000,0.000000,0.000000,0.000000,0.000000,0.000000,1.000000,0.000000,0.000000,0.000000,0.000000,0.000000,0.000000,0.000000,0.000000,0.000000,0.000000,0.000000,0.000000,-1.000000,0.000000,0.000000,0.000000,0.000000,0.000000,0.000000,0.000000,0.000000,0.000000,0.000000,0.000000,0.000000,0.000000,0.000000,0.000000,0.000000,0.000000,0.000000,0.000000,0.000000,0.000000,0.000000,0.000000,0.000000,0.000000,0.000000,0.000000,0.000000,0.000000,0.000000,0.000000,0.000000,0.000000,0.000000,0.000000,0.000000,0.000000,0.000000,0.000000,0.000000,0.000000,0.000000,0.000000,0.000000,0.000000,0.000000,0.000000,0.000000,0.000000,0.000000,0.000000,0.000000,0.000000,0.000000,0.000000,0.000000,0.000000,0.000000
56447,1.000000,0.000000,0.000000,-0.077615,0.000000,0.000000,0.000000,0.000000,0.000000,0.000000,0.000000,0.000000,0.000000,0.000000,0.000000,0.000000,0.000000,0.000000,0.000000,0.000000,1.000000,0.000000,0.000000,0.000000,0.000000,0.000000,0.000000,0.000000,0.000000,0.000000,0.000000,0.000000,-0.500000,0.000000,0.000000,0.000000,0.000000,0.000000,0.000000,0.000000,0.000000,0.000000,0.000000,0.000000,0.000000,0.000000,0.000000,0.000000,0.000000,0.000000,0.000000,0.000000,0.000000,0.000000,0.000000,0.000000,0.000000,0.000000,0.000000,0.000000,0.000000,0.000000,0.000000,0.000000,0.000000,0.000000,-1.000000,0.000000,0.000000,0.000000,0.000000,0.000000,0.000000,0.000000,0.000000,0.000000,0.000000,0.000000,0.000000,0.000000,0.000000,0.000000,0.000000,0.000000,0.000000,0.000000,0.000000,0.000000,0.000000,0.000000,0.000000
66942,0.000000,0.000000,-1.000000,0.889297,0.000000,0.000000,0.000000,0.000000,0.000000,0.000000,-0.866025,-0.500000,0.000000,1.000000,0.000000,0.000000,0.000000,0.000000,0.000000,0.000000,0.000000,1.000000,0.000000,0.000000,0.000000,0.000000,-1.000000,0.000000,0.000000,0.000000,0.000000,0.000000,0.000000,0.000000,0.000000,0.000000,0.000000,0.000000,0.654654,0.000000,-1.000000,0.000000,0.000000,0.000000,-1.000000,0.000000,0.000000,0.000000,0.000000,0.000000,0.000000,0.000000,0.000000,-1.000000,0.000000,-0.500000,0.000000,-1.000000,0.000000,0.000000,1.000000,1.000000,-1.000000,0.000000,0.000000,0.000000,0.000000,-0.866025,0.000000,0.000000,0.000000,0.000000,0.000000,0.000000,0.000000,0.327327,0.000000,0.000000,0.000000,0.755929,0.000000,0.000000,0.944911,0.000000,0.000000,0.000000,0.000000,0.000000,0.000000,0.000000,0.000000
68555,0.000000,0.000000,0.000000,-0.171828,0.000000,0.000000,0.000000,0.000000,0.000000,-1.000000,0.917663,0.000000,0.000000,0.000000,0.000000,0.000000,0.000000,0.000000,0.000000,0.000000,0.000000,0.000000,1.000000,0.000000,0.000000,0.000000,0.000000,0.000000,0.000000,0.000000,0.000000,0.000000,0.000000,0.000000,0.000000,0.000000,0.000000,0.000000,0.000000,0.000000,0.944911,0.000000,0.000000,0.000000,-1.000000,-1.000000,0.000000,0.000000,0.000000,0.000000,0.000000,0.000000,0.000000,0.000000,0.000000,0.000000,0.000000,0.000000,0.000000,1.000000,0.000000,0.000000,0.000000,0.000000,0.000000,0.000000,0.000000,0.000000,0.000000,0.000000,0.000000,0.000000,0.000000,0.000000,0.944911,0.000000,0.000000,0.000000,0.000000,0.000000,0.000000,0.000000,0.654654,0.000000,0.000000,0.000000,0.000000,0.000000,0.000000,-0.188982,-1.000000
69389,0.000000,0.000000,0.000000,0.000000,0.000000,0.000000,0.000000,0.000000,0.000000,0.000000,0.000000,0.000000,0.000000,0.000000,0.000000,0.000000,0.000000,0.000000,0.000000,0.000000,0.000000,0.000000,0.000000,1.000000,0.000000,0.000000,0.000000,0.000000,0.000000,0.000000,0.000000,0.000000,0.000000,0.000000,0.000000,0.000000,0.500000,0.000000,0.000000,0.000000,0.000000,0.000000,-0.333333,0.000000,0.000000,0.000000,1.000000,0.000000,0.000000,0.000000,0.000000,0.000000,0.000000,0.000000,0.000000,-1.000000,0.000000,0.000000,0.000000,0.000000,0.000000,0.000000,0.000000,0.000000,0.000000,0.000000,0.000000,0.000000,-1.000000,0.000000,0.000000,0.000000,0.000000,0.000000,0.000000,0.000000,0.000000,0.000000,0.000000,0.693375,0.000000,0.000000,0.000000,0.000000,0.000000,1.000000,0.000000,0.000000,0.000000,0.000000,0.000000
70666,0.000000,0.000000,1.000000,0.201008,1.000000,0.755929,-1.000000,0.000000,0.000000,0.000000,1.000000,0.000000,0.866025,0.000000,0.000000,0.000000,0.000000,0.000000,0.000000,0.000000,0.000000,0.000000,0.000000,0.000000,1.000000,0.000000,0.000000,0.000000,0.000000,0.000000,0.000000,0.000000,0.000000,0.000000,0.000000,1.000000,-1.000000,1.000000,0.000000,0.000000,0.000000,0.000000,0.000000,0.000000,0.000000,0.000000,0.000000,0.000000,0.000000,0.000000,0.000000,0.693375,0.000000,0.000000,1.000000,0.000000,0.000000,0.000000,0.000000,0.000000,0.000000,0.000000,0.000000,0.000000,0.000000,0.000000,0.000000,1.000000,0.000000,0.000000,0.000000,1.000000,0.000000,0.000000,-1.000000,1.000000,0.000000,0.000000,0.000000,0.000000,0.000000,0.000000,1.000000,0.000000,0.000000,0.000000,0.000000,0.000000,0.000000,0.000000,0.000000
73681,0.000000,0.000000,1.000000,0.000000,0.000000,0.000000,0.000000,0.000000,0.000000,0.000000,0.000000,0.000000,0.000000,0.000000,0.000000,-1.000000,0.000000,0.000000,0.000000,0.000000,0.000000,0.000000,0.000000,0.000000,0.000000,1.000000,-0.755929,0.000000,0.000000,0.000000,0.000000,0.000000,0.000000,0.000000,0.000000,0.000000,0.000000,0.000000,0.000000,1.000000,-1.000000,0.000000,0.000000,0.000000,0.000000,0.000000,0.000000,0.000000,0.000000,0.000000,0.000000,0.000000,0.000000,0.000000,0.000000,0.000000,1.000000,0.000000,0.000000,0.000000,0.000000,0.000000,0.000000,0.000000,0.000000,1.000000,-0.420084,0.000000,0.000000,-1.000000,0.000000,0.000000,0.000000,0.000000,0.000000,0.816497,-1.000000,0.000000,1.000000,0.000000,0.000000,0.000000,0.000000,0.000000,0.000000,0.000000,0.000000,0.000000,0.000000,0.000000,0.000000
75819,0.000000,0.000000,0.000000,-0.367884,0.000000,0.000000,0.000000,0.000000,0.000000,0.000000,0.000000,0.000000,0.000000,0.000000,0.000000,0.000000,0.000000,0.000000,0.000000,0.000000,0.000000,-1.000000,0.000000,0.000000,0.000000,-0.755929,1.000000,0.000000,0.000000,0.000000,0.000000,0.000000,1.000000,0.000000,0.000000,0.000000,0.000000,0.000000,-1.000000,0.000000,0.000000,0.000000,0.000000,0.000000,0.000000,0.000000,0.000000,0.000000,0.000000,0.000000,0.000000,0.000000,0.000000,0.000000,0.000000,0.000000,0.000000,0.000000,0.000000,0.000000,0.000000,0.000000,0.000000,0.000000,0.000000,0.000000,0.000000,0.000000,0.000000,0.000000,0.000000,0.000000,0.000000,0.000000,1.000000,0.000000,0.000000,0.000000,0.000000,0.000000,0.000000,0.000000,0.000000,0.000000,0.000000,0.000000,0.000000,0.000000,0.000000,0.000000,0.000000
88693,0.000000,0.000000,0.000000,0.764866,0.000000,-0.359211,0.000000,-1.000000,0.000000,0.000000,0.000000,0.000000,0.000000,0.000000,0.000000,1.000000,0.000000,0.000000,0.000000,0.000000,0.000000,0.000000,0.000000,0.000000,0.000000,0.000000,0.000000,1.000000,0.000000,0.000000,0.000000,0.000000,0.866025,0.000000,0.000000,0.000000,0.000000,0.000000,0.000000,0.000000,0.000000,1.000000,0.000000,0.000000,0.000000,0.000000,0.000000,0.000000,0.000000,0.000000,0.000000,0.000000,0.000000,0.000000,0.000000,0.000000,0.000000,0.000000,0.000000,0.000000,0.000000,0.000000,0.240192,0.000000,0.000000,0.000000,-1.000000,1.000000,0.000000,0.000000,1.000000,0.000000,0.000000,0.000000,0.000000,0.000000,0.000000,0.000000,0.000000,0.000000,0.000000,0.000000,0.000000,0.000000,0.000000,0.000000,0.000000,0.000000,0.000000,1.000000,0.000000
88733,0.000000,0.000000,0.000000,0.915417,0.000000,0.000000,0.000000,0.000000,0.000000,0.000000,0.000000,0.000000,0.000000,0.000000,0.000000,1.000000,0.000000,0.000000,0.000000,0.000000,0.000000,0.000000,0.000000,0.000000,0.000000,0.000000,0.000000,0.000000,1.000000,0.000000,0.000000,0.000000,0.000000,1.000000,0.000000,0.000000,-1.000000,0.000000,0.000000,0.000000,0.000000,0.000000,0.000000,0.000000,-1.000000,-1.000000,0.000000,0.000000,0.000000,0.000000,-0.500000,0.000000,0.000000,0.000000,-1.000000,0.000000,0.000000,0.000000,0.000000,0.000000,0.000000,0.000000,0.000000,1.000000,0.000000,-0.188982,1.000000,-1.000000,0.000000,0.000000,0.000000,0.000000,0.000000,0.000000,-0.944911,0.000000,0.000000,0.000000,0.000000,0.000000,1.000000,0.000000,0.188982,0.000000,0.000000,0.000000,0.000000,0.000000,0.000000,-1.000000,0.000000
89602,0.000000,1.000000,0.000000,0.739510,1.000000,0.982708,0.000000,0.000000,0.000000,0.000000,0.000000,0.000000,0.000000,0.000000,0.530330,0.000000,1.000000,0.000000,0.000000,0.000000,0.000000,0.000000,0.000000,0.000000,0.000000,0.000000,0.000000,0.000000,0.000000,1.000000,0.000000,0.000000,0.763763,0.000000,0.000000,-1.000000,0.000000,0.000000,1.000000,-0.254824,0.000000,0.250000,0.583333,-0.577350,0.000000,0.000000,0.000000,0.000000,0.000000,0.000000,-1.000000,1.000000,0.000000,0.000000,0.000000,0.000000,-1.000000,-1.000000,1.000000,0.188982,1.000000,0.000000,1.000000,0.000000,0.000000,-0.327327,0.000000,0.847826,0.000000,0.000000,0.000000,0.000000,0.500000,0.000000,0.500000,0.142857,0.000000,0.000000,-1.000000,0.000000,0.000000,0.000000,0.000000,0.000000,0.157243,0.000000,0.000000,0.000000,0.000000,0.000000,-0.944911
91113,0.000000,0.000000,-0.866025,0.628619,0.000000,0.000000,0.000000,0.000000,0.000000,0.000000,0.000000,0.000000,0.000000,0.000000,0.000000,0.000000,0.000000,0.000000,0.000000,0.000000,0.000000,0.000000,0.000000,0.000000,0.000000,0.000000,0.000000,0.000000,0.000000,0.000000,1.000000,0.000000,0.000000,0.000000,0.000000,0.000000,0.000000,0.000000,0.000000,0.000000,0.000000,0.000000,0.000000,0.000000,0.000000,0.000000,0.000000,0.000000,0.000000,0.000000,0.000000,-0.500000,0.000000,0.000000,0.000000,0.000000,-1.000000,0.000000,1.000000,0.000000,0.000000,0.000000,1.000000,0.000000,0.000000,0.000000,0.000000,1.000000,0.000000,0.000000,0.000000,0.000000,0.000000,0.000000,0.000000,0.000000,0.000000,0.000000,0.000000,0.000000,0.000000,0.000000,0.000000,0.000000,1.000000,-1.000000,-1.000000,0.000000,-1.000000,0.000000,0.000000
93047,0.000000,0.000000,0.000000,0.567962,0.000000,0.000000,0.000000,0.000000,0.000000,0.000000,0.000000,0.000000,0.000000,0.000000,0.000000,1.000000,0.000000,0.000000,0.000000,0.000000,0.000000,0.000000,0.000000,0.000000,0.000000,0.000000,0.000000,0.000000,0.000000,0.000000,0.000000,1.000000,0.000000,0.000000,0.000000,0.000000,0.000000,0.000000,0.000000,0.000000,0.000000,0.000000,0.500000,0.000000,0.000000,0.000000,0.000000,0.000000,0.000000,0.000000,0.000000,0.000000,0.000000,0.000000,0.000000,0.000000,0.000000,0.000000,0.000000,0.000000,0.000000,0.000000,0.000000,0.000000,0.000000,0.000000,0.000000,0.000000,0.866025,0.000000,0.000000,0.000000,0.000000,0.000000,0.000000,0.000000,0.000000,0.000000,0.000000,0.000000,0.000000,0.000000,0.000000,0.000000,0.000000,0.000000,0.000000,0.000000,0.000000,1.000000,0.000000
95359,1.000000,1.000000,-1.000000,0.343890,0.000000,-0.455173,0.000000,-0.464420,0.000000,0.000000,0.000000,0.000000,0.755929,0.000000,0.987829,0.000000,-0.866025,1.000000,0.000000,-1.000000,-0.500000,0.000000,0.000000,0.000000,0.000000,0.000000,1.000000,0.866025,0.000000,0.763763,0.000000,0.000000,1.000000,0.000000,0.000000,0.000000,-0.190908,1.000000,0.090167,0.333333,0.000000,0.074848,1.000000,0.000000,0.000000,-0.267261,0.500000,-0.484248,0.000000,0.000000,1.000000,-0.188982,0.000000,0.000000,0.000000,0.000000,0.000000,0.100125,1.000000,0.000000,1.000000,0.000000,0.944911,-1.000000,1.000000,0.953748,0.464095,0.927173,0.000000,0.000000,0.000000,-0.912871,-0.872872,0.944911,0.000000,0.707107,0.809312,0.000000,-0.962250,0.755929,-0.539969,0.000000,0.000000,0.816497,0.678823,-1.000000,0.189389,1.000000,0.000000,-0.166667,0.522233
95932,0.000000,0.000000,0.000000,0.500000,0.000000,0.000000,0.000000,0.000000,0.000000,0.000000,0.000000,0.000000,0.000000,0.000000,0.000000,0.000000,0.000000,0.000000,0.000000,0.000000,0.000000,0.000000,0.000000,0.000000,0.000000,0.000000,0.000000,0.000000,1.000000,0.000000,0.000000,0.000000,0.000000,1.000000,0.000000,0.000000,0.000000,0.000000,0.000000,0.000000,0.000000,0.000000,0.000000,0.000000,-1.000000,0.000000,0.000000,0.000000,0.000000,0.000000,0.000000,0.000000,0.000000,0.000000,0.000000,0.000000,0.000000,0.000000,0.000000,0.000000,0.000000,0.000000,0.000000,0.000000,0.000000,0.000000,0.000000,0.000000,0.000000,0.000000,0.000000,0.000000,0.000000,0.000000,0.000000,0.866025,0.000000,0.000000,0.000000,0.000000,0.000000,0.000000,-0.866025,0.000000,0.000000,0.000000,0.000000,0.000000,0.000000,0.000000,0.000000
101851,0.000000,0.000000,1.000000,0.000000,0.000000,0.000000,0.000000,0.000000,-1.000000,0.000000,0.000000,0.000000,0.000000,0.000000,0.000000,0.000000,0.000000,0.000000,0.000000,0.000000,0.000000,0.000000,0.000000,0.000000,0.000000,0.000000,0.000000,0.000000,0.000000,0.000000,0.000000,0.000000,0.000000,0.000000,1.000000,0.000000,0.000000,0.000000,0.000000,0.000000,0.000000,0.000000,0.000000,0.000000,-0.981981,0.866025,0.000000,0.000000,0.000000,0.000000,0.000000,0.000000,0.000000,0.000000,0.000000,0.000000,0.000000,0.000000,0.000000,0.000000,0.000000,1.000000,0.000000,0.000000,0.000000,0.000000,0.000000,0.000000,0.000000,0.000000,0.000000,0.000000,0.000000,0.000000,0.000000,0.000000,0.000000,0.000000,0.000000,1.000000,0.000000,0.000000,-1.000000,0.000000,0.000000,0.000000,0.000000,0.000000,0.000000,0.000000,0.000000
102647,0.000000,0.000000,0.000000,-0.192539,0.000000,0.000000,0.000000,0.000000,0.000000,0.000000,0.000000,0.000000,0.000000,0.000000,0.000000,-0.866025,0.000000,0.000000,0.000000,0.000000,0.000000,0.000000,0.000000,0.000000,1.000000,0.000000,0.000000,0.000000,0.000000,-1.000000,0.000000,0.000000,0.000000,0.000000,0.000000,1.000000,0.870388,0.500000,-1.000000,-1.000000,0.000000,0.000000,-0.854543,0.000000,0.090909,-0.174078,0.000000,0.000000,0.000000,0.000000,0.000000,-1.000000,0.755929,0.000000,0.422577,-0.866025,0.000000,1.000000,0.000000,0.000000,0.000000,0.000000,0.000000,0.000000,0.000000,0.000000,0.000000,0.000000,0.000000,0.000000,0.000000,1.000000,0.000000,0.000000,0.000000,-0.970725,0.000000,-1.000000,0.000000,0.099286,0.000000,0.000000,0.324443,0.000000,-1.000000,0.000000,-1.000000,1.000000,0.000000,0.000000,0.000000
104636,0.000000,0.000000,0.000000,-0.145033,0.597614,0.241554,-1.000000,0.000000,0.000000,-0.500000,0.000000,0.000000,-1.000000,0.245718,0.000000,-0.233126,-1.000000,0.000000,-1.000000,0.000000,0.000000,0.000000,0.000000,0.500000,-1.000000,0.000000,0.000000,0.000000,-1.000000,0.000000,0.000000,0.000000,-0.190908,0.000000,0.000000,0.870388,1.000000,0.000000,0.000000,0.169031,-0.522233,0.500000,-1.000000,0.000000,-0.500000,-0.190941,0.774070,0.930261,0.000000,0.000000,1.000000,1.000000,0.980196,0.133631,-0.500000,-0.444444,0.000000,0.650791,0.000000,0.000000,0.000000,0.000000,0.000000,0.000000,1.000000,0.000000,0.000000,-0.500000,0.000000,0.000000,0.000000,0.000000,0.000000,0.000000,0.831522,0.000000,-0.577350,0.169031,-1.000000,0.373878,0.000000,1.000000,0.811679,0.000000,0.500000,-0.565217,0.547399,0.000000,-1.000000,0.000000,0.000000
105028,0.000000,0.000000,0.000000,-0.472456,0.000000,-1.000000,0.000000,0.000000,0.000000,0.000000,0.000000,0.000000,1.000000,0.000000,0.000000,0.000000,0.000000,0.000000,0.000000,0.000000,0.000000,0.000000,0.000000,0.000000,1.000000,0.000000,0.000000,0.000000,0.000000,0.000000,0.000000,0.000000,1.000000,0.000000,0.000000,0.500000,0.000000,1.000000,0.000000,0.000000,0.000000,0.000000,0.000000,0.000000,0.755929,0.000000,0.000000,0.000000,0.000000,0.000000,0.000000,0.000000,1.000000,0.000000,0.500000,0.000000,0.000000,0.000000,0.000000,0.000000,0.000000,0.000000,0.000000,0.000000,0.000000,0.000000,0.000000,1.000000,0.000000,0.000000,0.000000,1.000000,-1.000000,0.000000,1.000000,0.000000,0.000000,0.000000,0.000000,0.000000,0.000000,0.000000,0.000000,0.000000,0.000000,0.000000,0.000000,0.000000,0.000000,0.000000,0.000000
105517,0.000000,0.000000,0.000000,0.201148,0.000000,0.693375,0.000000,0.000000,0.000000,0.000000,0.000000,-1.000000,0.000000,0.000000,0.000000,0.000000,0.000000,1.000000,0.000000,0.000000,0.000000,0.654654,0.000000,0.000000,0.000000,0.000000,-1.000000,0.000000,0.000000,1.000000,0.000000,0.000000,0.090167,0.000000,0.000000,-1.000000,0.000000,0.000000,1.000000,0.000000,0.000000,0.000000,0.000000,0.000000,0.000000,-1.000000,0.000000,0.000000,0.000000,0.000000,0.000000,0.000000,0.000000,0.500000,1.000000,0.000000,0.000000,1.000000,0.000000,0.000000,0.000000,0.000000,0.000000,0.000000,0.000000,0.000000,0.000000,0.000000,0.000000,0.000000,0.000000,0.000000,0.000000,0.000000,0.000000,-1.000000,0.000000,0.000000,0.000000,0.000000,0.000000,0.000000,1.000000,0.000000,1.000000,0.000000,0.000000,0.000000,0.000000,0.000000,1.000000
105979,0.000000,0.000000,-1.000000,-0.214467,1.000000,-0.078947,0.000000,0.000000,0.000000,0.000000,0.000000,0.000000,0.000000,-1.000000,0.000000,-1.000000,-1.000000,0.000000,1.000000,0.000000,0.000000,0.000000,0.000000,0.000000,0.000000,1.000000,0.000000,0.000000,0.000000,-0.254824,0.000000,0.000000,0.333333,0.000000,0.000000,-1.000000,0.169031,0.000000,0.000000,1.000000,-0.522233,-0.333333,0.000000,0.327327,0.000000,0.000000,0.000000,-1.000000,0.000000,0.000000,0.000000,0.000000,0.000000,0.000000,0.000000,0.000000,0.000000,1.000000,0.000000,0.000000,0.000000,0.000000,0.000000,0.000000,0.000000,0.000000,0.000000,0.000000,0.000000,0.000000,0.000000,0.000000,0.000000,0.000000,-0.693375,0.000000,0.000000,0.000000,1.000000,0.000000,0.000000,0.000000,0.000000,0.000000,0.000000,0.000000,0.000000,-1.000000,1.000000,0.000000,0.000000
107784,0.000000,0.000000,1.000000,-0.217791,0.000000,0.727607,0.000000,0.000000,0.000000,0.000000,0.000000,0.000000,0.000000,-0.188982,0.000000,0.000000,0.000000,0.000000,0.000000,0.000000,0.000000,-1.000000,0.944911,0.000000,0.000000,-1.000000,0.000000,0.000000,0.000000,0.000000,0.000000,0.000000,0.000000,0.000000,0.000000,0.000000,-0.522233,0.000000,0.000000,-0.522233,1.000000,0.000000,0.000000,0.000000,0.905822,0.000000,0.000000,0.000000,0.000000,0.000000,0.000000,-1.000000,-0.114708,-1.000000,1.000000,0.662122,0.000000,0.000000,0.000000,0.000000,0.802955,0.000000,0.000000,1.000000,0.000000,0.000000,0.000000,-0.943456,0.000000,0.816497,0.000000,0.000000,0.000000,0.000000,0.500000,0.000000,0.000000,0.000000,0.000000,-0.500000,0.000000,0.447214,-0.388497,0.000000,1.000000,-1.000000,0.000000,0.000000,0.000000,0.000000,0.000000
110912,0.000000,0.000000,-1.000000,-0.267630,0.000000,0.000000,0.000000,0.000000,0.000000,0.000000,0.000000,0.000000,0.000000,1.000000,1.000000,0.000000,-0.133631,0.000000,0.000000,0.000000,0.000000,0.000000,0.000000,0.000000,0.000000,0.000000,0.000000,1.000000,0.000000,0.250000,0.000000,0.000000,0.074848,0.000000,0.000000,0.000000,0.500000,0.000000,0.000000,-0.333333,0.000000,1.000000,0.000000,0.000000,0.000000,0.000000,0.000000,0.000000,0.000000,1.000000,0.000000,0.000000,0.000000,0.000000,0.000000,0.000000,-0.408248,-1.000000,0.648886,0.000000,-1.000000,0.000000,-0.333333,-0.397360,0.000000,-0.981981,0.253359,0.000000,1.000000,0.000000,0.000000,0.000000,-0.577350,0.000000,0.000000,-1.000000,-0.755929,1.000000,0.000000,0.000000,-0.802955,0.000000,0.000000,1.000000,0.132453,0.000000,0.577350,0.412514,0.192450,-0.981981,0.000000
110934,0.000000,0.000000,0.000000,0.687500,0.000000,-0.500000,0.000000,0.000000,0.707107,0.000000,0.000000,0.000000,0.000000,-1.000000,1.000000,0.000000,0.000000,0.000000,0.000000,0.000000,0.000000,0.000000,0.000000,-0.333333,0.000000,0.000000,0.000000,0.000000,0.000000,0.583333,0.000000,0.500000,1.000000,0.000000,0.000000,-0.854543,-1.000000,0.000000,0.000000,0.000000,0.000000,0.000000,1.000000,0.000000,0.500000,0.000000,0.000000,0.000000,0.000000,0.000000,0.000000,-1.000000,0.000000,0.000000,0.000000,1.000000,0.000000,-1.000000,0.000000,0.577350,0.000000,1.000000,0.000000,0.000000,0.500000,0.000000,0.000000,0.000000,0.000000,0.000000,0.000000,0.000000,0.000000,0.000000,0.000000,0.774597,0.000000,0.000000,0.000000,-0.866025,0.000000,0.000000,-1.000000,0.000000,-0.188982,0.000000,1.000000,0.000000,0.000000,0.866025,0.000000
113270,0.000000,0.000000,0.000000,0.054554,0.000000,-0.341753,0.000000,0.000000,0.000000,0.000000,0.000000,0.000000,0.000000,1.000000,0.000000,0.000000,0.000000,0.000000,1.000000,0.000000,0.000000,0.000000,0.000000,0.000000,0.000000,0.000000,0.000000,0.000000,0.000000,-0.577350,0.000000,0.000000,0.000000,0.000000,0.000000,0.000000,0.000000,0.000000,0.000000,0.327327,0.000000,0.000000,0.000000,1.000000,0.000000,0.000000,0.000000,0.321860,0.000000,0.000000,0.000000,0.000000,0.000000,0.000000,-1.000000,0.000000,0.000000,1.000000,0.000000,0.000000,0.000000,0.000000,1.000000,0.000000,0.000000,0.000000,1.000000,-0.866025,0.000000,0.000000,0.000000,0.000000,0.000000,0.000000,1.000000,0.000000,1.000000,0.000000,-1.000000,0.000000,0.000000,0.000000,0.000000,0.000000,0.000000,0.000000,-0.866025,0.000000,0.000000,0.000000,0.000000
126492,0.000000,0.000000,0.000000,-0.141264,-0.500000,0.870864,1.000000,0.000000,0.669894,0.000000,0.000000,0.000000,0.000000,1.000000,0.000000,-0.852803,0.000000,0.000000,0.000000,0.000000,0.000000,-1.000000,-1.000000,0.000000,0.000000,0.000000,0.000000,0.000000,-1.000000,0.000000,0.000000,0.000000,0.000000,-1.000000,-0.981981,0.090909,-0.500000,0.755929,0.000000,0.000000,0.905822,0.000000,0.500000,0.000000,1.000000,0.000000,0.000000,0.000000,0.000000,0.000000,-1.000000,-0.188982,0.000000,0.773574,0.577350,0.000000,0.000000,-0.500000,1.000000,0.000000,0.166667,0.000000,0.000000,0.000000,0.000000,0.000000,0.654654,0.000000,-0.755929,0.108465,0.000000,0.000000,-1.000000,0.000000,-0.512989,-0.870388,0.000000,0.577350,0.000000,-0.301511,1.000000,0.654654,-0.488570,0.188982,0.946100,0.500000,0.000000,1.000000,0.000000,-0.188982,0.000000
135149,1.000000,0.000000,0.000000,-0.314614,1.000000,0.000000,0.000000,0.000000,0.000000,1.000000,-0.333333,0.000000,0.000000,0.500000,0.000000,1.000000,0.000000,0.000000,0.000000,0.000000,0.000000,0.000000,-1.000000,0.000000,0.000000,0.000000,0.000000,0.000000,-1.000000,0.000000,0.000000,0.000000,-0.267261,0.000000,0.866025,-0.174078,-0.190941,0.000000,-1.000000,0.000000,0.000000,0.000000,0.000000,0.000000,0.000000,1.000000,0.000000,0.000000,0.000000,0.000000,0.000000,0.620174,0.000000,0.000000,0.000000,0.866025,-1.000000,0.000000,-0.866025,1.000000,0.000000,0.000000,0.000000,0.000000,1.000000,-1.000000,0.000000,-1.000000,0.000000,0.000000,0.000000,1.000000,0.000000,0.000000,1.000000,1.000000,-1.000000,0.000000,0.000000,0.500000,0.981981,0.000000,-0.264575,0.000000,-1.000000,0.000000,0.000000,0.866025,0.000000,0.589768,0.000000
136382,0.000000,1.000000,0.000000,-0.146148,0.000000,1.000000,0.000000,0.000000,0.000000,1.000000,0.000000,0.000000,0.000000,0.000000,0.000000,1.000000,0.277350,0.000000,0.000000,0.000000,0.000000,0.000000,0.000000,1.000000,0.000000,0.000000,0.000000,0.000000,0.000000,0.000000,0.000000,0.000000,0.500000,0.000000,0.000000,0.000000,0.774070,0.000000,0.000000,0.000000,0.000000,0.000000,0.000000,0.000000,0.000000,0.000000,1.000000,0.000000,0.000000,0.000000,0.000000,0.000000,0.000000,0.000000,0.000000,0.327327,-0.866025,0.000000,0.000000,0.000000,0.000000,0.000000,0.000000,-0.852803,0.426401,0.000000,0.000000,1.000000,0.000000,0.000000,0.000000,0.000000,0.000000,0.000000,0.777714,0.000000,1.000000,0.000000,1.000000,-0.188982,0.000000,0.000000,0.000000,-0.577350,0.000000,-0.388514,0.000000,0.000000,0.000000,0.000000,0.000000
140000,0.000000,0.000000,1.000000,-0.474515,-1.000000,0.000000,0.000000,0.000000,0.000000,0.000000,0.000000,0.000000,0.000000,0.944911,0.000000,1.000000,0.000000,0.000000,0.596040,0.000000,0.000000,0.000000,0.000000,0.000000,0.000000,0.000000,0.000000,0.000000,0.000000,0.000000,0.000000,0.000000,-0.484248,0.000000,0.000000,0.000000,0.930261,0.000000,0.000000,-1.000000,0.000000,0.000000,0.000000,0.321860,0.000000,0.000000,0.000000,1.000000,0.000000,0.000000,0.000000,1.000000,0.000000,0.000000,0.000000,0.000000,0.000000,-0.140028,0.000000,0.000000,0.000000,0.000000,0.000000,0.000000,0.000000,0.000000,1.000000,-1.000000,0.000000,0.000000,0.000000,0.000000,0.500000,0.000000,1.000000,0.000000,0.000000,0.000000,0.500000,1.000000,1.000000,0.000000,-1.000000,0.000000,-0.670820,0.000000,0.000000,0.000000,0.000000,0.000000,0.000000
140358,0.000000,0.000000,0.000000,0.000000,0.000000,0.000000,0.000000,0.000000,0.000000,0.000000,0.000000,0.000000,0.000000,0.000000,0.000000,0.000000,0.000000,0.000000,0.000000,0.000000,0.000000,0.000000,0.000000,0.000000,0.000000,0.000000,0.000000,0.000000,0.000000,0.000000,0.000000,0.000000,0.000000,0.000000,0.000000,0.000000,0.000000,0.000000,0.000000,0.000000,0.000000,0.000000,0.000000,0.000000,0.000000,0.000000,0.000000,0.000000,1.000000,0.000000,0.000000,0.000000,0.000000,0.000000,0.000000,0.000000,0.000000,0.000000,0.000000,0.000000,0.000000,0.000000,0.000000,0.000000,0.000000,0.000000,0.000000,0.000000,0.000000,0.000000,0.000000,0.000000,0.000000,0.000000,0.000000,0.000000,0.000000,0.000000,0.000000,0.000000,0.000000,0.000000,0.000000,0.000000,0.000000,0.000000,0.000000,0.000000,0.000000,0.000000,0.000000
147847,0.000000,0.000000,0.000000,0.260133,0.000000,1.000000,0.000000,0.000000,0.000000,0.000000,0.000000,0.000000,0.000000,0.000000,0.000000,0.000000,1.000000,0.000000,0.000000,0.000000,0.000000,0.000000,0.000000,0.000000,0.000000,0.000000,0.000000,0.000000,0.000000,0.000000,0.000000,0.000000,0.000000,0.000000,0.000000,0.000000,0.000000,0.000000,0.000000,0.000000,0.000000,1.000000,0.000000,0.000000,0.000000,0.000000,0.000000,0.000000,0.000000,1.000000,0.000000,0.000000,0.000000,0.000000,0.000000,0.000000,0.000000,0.000000,0.000000,0.000000,0.000000,0.000000,0.000000,0.000000,0.000000,0.000000,0.000000,0.000000,0.000000,0.000000,0.000000,0.000000,0.000000,0.000000,0.000000,0.000000,0.000000,0.000000,-1.000000,0.000000,0.000000,0.000000,0.000000,0.000000,0.000000,0.000000,0.000000,0.000000,0.000000,0.000000,0.000000
148744,0.000000,0.000000,0.000000,-0.570055,0.000000,0.000000,0.000000,0.000000,0.000000,0.000000,0.000000,0.000000,0.000000,0.577350,0.000000,0.000000,0.000000,0.000000,0.000000,0.000000,0.000000,0.000000,0.000000,0.000000,0.000000,0.000000,0.000000,0.000000,-0.500000,-1.000000,0.000000,0.000000,1.000000,0.000000,0.000000,0.000000,1.000000,0.000000,0.000000,0.000000,0.000000,0.000000,0.000000,0.000000,-1.000000,0.000000,0.000000,0.000000,0.000000,0.000000,1.000000,0.000000,0.000000,-1.000000,0.000000,-1.000000,-0.866025,0.000000,0.000000,0.500000,0.000000,0.000000,0.000000,0.000000,0.000000,-1.000000,0.693375,-0.500000,0.000000,0.000000,0.000000,0.000000,0.000000,0.000000,0.000000,0.000000,0.000000,0.000000,1.000000,0.000000,0.000000,0.000000,-1.000000,0.000000,-1.000000,0.000000,0.000000,0.000000,0.000000,-0.500000,0.000000
150979,0.000000,0.000000,0.870388,0.279145,1.000000,0.500000,-0.327327,0.000000,0.000000,0.000000,0.000000,0.000000,0.000000,0.000000,0.000000,-1.000000,1.000000,0.000000,0.000000,0.000000,0.000000,0.000000,0.000000,0.000000,0.693375,0.000000,0.000000,0.000000,0.000000,1.000000,-0.500000,0.000000,-0.188982,0.000000,0.000000,-1.000000,1.000000,0.000000,0.000000,0.000000,-1.000000,0.000000,-1.000000,0.000000,-0.188982,0.620174,0.000000,1.000000,0.000000,0.000000,0.000000,1.000000,0.000000,0.000000,0.000000,0.000000,1.000000,0.000000,0.000000,0.000000,0.000000,0.000000,0.000000,0.000000,0.000000,0.000000,0.000000,0.000000,-0.981981,0.000000,0.000000,0.000000,1.000000,0.000000,0.000000,-0.866025,0.000000,0.000000,0.000000,1.000000,1.000000,0.000000,0.246183,0.000000,0.500000,0.000000,1.000000,0.000000,0.000000,-0.500000,0.000000
153662,0.866025,0.000000,0.000000,0.080565,0.000000,-0.471405,-1.000000,0.000000,0.000000,0.000000,0.000000,0.000000,0.000000,0.000000,0.000000,0.000000,0.000000,0.000000,0.000000,0.000000,0.000000,0.000000,0.000000,0.000000,0.000000,0.000000,0.000000,0.000000,0.000000,0.000000,0.000000,0.000000,0.000000,0.000000,0.000000,0.755929,0.980196,1.000000,0.000000,0.000000,-0.114708,0.000000,0.000000,0.000000,0.000000,0.000000,0.000000,0.000000,0.000000,0.000000,0.000000,0.000000,1.000000,0.000000,0.500000,-0.269680,0.000000,0.000000,1.000000,0.000000,0.000000,0.000000,0.000000,0.000000,0.000000,0.000000,1.000000,0.000000,0.000000,0.000000,0.000000,0.000000,0.000000,0.000000,0.000000,0.000000,0.000000,0.000000,0.000000,0.000000,0.000000,0.000000,0.000000,0.000000,0.000000,0.000000,0.500000,0.000000,0.000000,0.000000,0.000000
158295,0.000000,1.000000,1.000000,-0.138978,0.000000,0.981981,0.000000,0.000000,0.000000,0.000000,0.000000,0.000000,0.000000,-1.000000,0.000000,0.816497,0.000000,0.000000,0.000000,0.000000,0.000000,-1.000000,0.000000,0.000000,0.000000,0.000000,0.000000,0.000000,0.000000,0.000000,0.000000,0.000000,0.000000,0.000000,0.000000,0.000000,0.133631,0.000000,0.500000,0.000000,-1.000000,0.000000,0.000000,0.000000,0.773574,0.000000,0.000000,0.000000,0.000000,0.000000,-1.000000,0.000000,0.000000,1.000000,0.000000,0.000000,0.000000,0.866025,0.000000,0.000000,0.000000,0.000000,0.000000,0.000000,0.000000,0.000000,0.000000,0.000000,0.000000,1.000000,0.000000,0.000000,1.000000,0.000000,0.000000,0.000000,0.000000,0.000000,0.000000,-0.944911,0.000000,0.000000,-0.878310,1.000000,0.500000,0.866025,0.000000,0.000000,0.000000,0.000000,0.000000
158433,0.000000,0.000000,0.000000,-0.069037,0.000000,-0.233550,0.000000,0.000000,0.000000,0.000000,0.000000,0.000000,0.000000,0.000000,0.000000,0.000000,0.000000,0.000000,-1.000000,0.000000,0.000000,0.000000,0.000000,0.000000,1.000000,0.000000,0.000000,0.000000,-1.000000,0.000000,0.000000,0.000000,0.000000,0.000000,0.000000,0.422577,-0.500000,0.500000,1.000000,0.000000,1.000000,0.000000,0.000000,-1.000000,0.577350,0.000000,0.000000,0.000000,0.000000,0.000000,0.000000,0.000000,0.500000,0.000000,1.000000,0.000000,0.000000,0.000000,0.000000,0.000000,0.000000,0.000000,0.000000,0.000000,0.000000,0.000000,0.000000,1.000000,0.000000,0.000000,0.000000,1.000000,0.000000,0.000000,0.000000,0.000000,0.000000,0.000000,0.000000,0.000000,0.000000,-1.000000,0.866025,0.000000,0.000000,0.000000,0.000000,1.000000,1.000000,0.000000,0.981981
159506,0.000000,0.000000,0.000000,-0.375046,0.000000,-1.000000,0.000000,0.000000,0.000000,0.866025,0.000000,-0.500000,0.000000,0.000000,0.000000,0.944911,0.000000,0.000000,0.000000,0.000000,0.000000,-0.500000,0.000000,-1.000000,0.000000,0.000000,0.000000,0.000000,0.000000,0.000000,0.000000,0.000000,0.000000,0.000000,0.000000,-0.866025,-0.444444,0.000000,0.000000,0.000000,0.662122,0.000000,1.000000,0.000000,0.000000,0.866025,0.327327,0.000000,0.000000,0.000000,-1.000000,0.000000,-0.269680,0.000000,0.000000,1.000000,0.000000,0.000000,0.000000,0.000000,0.000000,-1.000000,0.000000,0.000000,1.000000,0.000000,0.000000,1.000000,0.000000,0.000000,0.000000,0.000000,0.000000,0.000000,0.188982,0.000000,0.000000,0.000000,0.000000,-0.500000,0.000000,-0.500000,-0.210042,0.000000,1.000000,-0.816497,0.000000,0.000000,0.000000,0.000000,0.000000
162639,0.500000,1.000000,0.866025,-0.456337,0.000000,-1.000000,0.000000,0.000000,0.000000,0.000000,0.942809,0.000000,1.000000,-1.000000,1.000000,-1.000000,-1.000000,0.000000,0.000000,0.000000,0.000000,0.000000,0.000000,0.000000,0.000000,1.000000,0.000000,0.000000,0.000000,-1.000000,-1.000000,0.000000,0.000000,0.000000,0.000000,0.000000,0.000000,0.000000,0.000000,0.000000,0.000000,-0.408248,0.000000,0.000000,0.000000,-1.000000,-0.866025,0.000000,0.000000,0.000000,-0.866025,1.000000,0.000000,0.000000,0.000000,0.000000,1.000000,0.000000,1.000000,0.968246,0.000000,0.000000,0.000000,0.855186,0.000000,0.000000,-1.000000,0.866025,0.000000,0.000000,-0.277350,0.000000,0.000000,1.000000,0.000000,-0.527046,0.000000,0.000000,0.000000,0.000000,0.000000,0.000000,1.000000,1.000000,0.000000,0.000000,-0.866025,0.866025,0.000000,-1.000000,0.000000
164323,0.000000,1.000000,0.000000,-0.633921,0.000000,0.866025,0.000000,0.000000,0.000000,-0.866025,0.790569,0.000000,0.000000,0.000000,0.000000,-1.000000,0.000000,0.000000,0.000000,0.000000,0.000000,-1.000000,0.000000,0.000000,0.000000,0.000000,0.000000,0.000000,0.000000,-1.000000,0.000000,0.000000,0.100125,0.000000,0.000000,1.000000,0.650791,0.000000,1.000000,1.000000,0.000000,-1.000000,-1.000000,1.000000,-0.500000,0.000000,0.000000,-0.140028,0.000000,0.000000,0.000000,0.000000,0.000000,0.866025,0.000000,0.000000,0.000000,1.000000,0.000000,0.000000,0.000000,0.000000,0.000000,0.000000,0.000000,0.000000,0.000000,-0.174078,0.000000,0.000000,0.000000,0.000000,0.000000,0.000000,0.000000,0.000000,0.000000,1.000000,-1.000000,0.802955,0.000000,0.000000,0.000000,0.000000,0.866025,0.000000,0.000000,0.000000,0.000000,0.000000,0.866025
165308,1.000000,0.000000,-1.000000,0.266291,0.000000,-0.188982,0.000000,0.080064,0.000000,1.000000,-1.000000,0.000000,0.000000,0.000000,0.642824,0.000000,0.000000,0.000000,0.000000,0.000000,0.000000,0.000000,0.000000,0.000000,0.000000,0.000000,0.000000,0.000000,0.000000,1.000000,1.000000,0.000000,1.000000,0.000000,0.000000,0.000000,0.000000,0.000000,0.000000,0.000000,0.000000,0.648886,0.000000,0.000000,1.000000,-0.866025,0.000000,0.000000,0.000000,0.000000,0.000000,0.000000,1.000000,0.000000,0.000000,0.000000,1.000000,0.000000,1.000000,0.327327,0.000000,0.000000,1.000000,-0.956689,0.000000,0.000000,-0.755929,-1.000000,0.000000,0.000000,-0.500000,0.000000,0.000000,0.000000,0.000000,-0.707107,0.000000,0.000000,0.000000,0.000000,-0.995871,0.000000,0.000000,0.000000,1.000000,0.000000,0.000000,-1.000000,-1.000000,-0.428571,0.000000
170513,0.000000,0.000000,0.000000,-0.392953,0.000000,-0.327327,0.000000,0.000000,0.000000,0.000000,0.000000,0.000000,0.000000,1.000000,-1.000000,0.000000,1.000000,0.000000,1.000000,0.000000,0.000000,0.000000,1.000000,0.000000,0.000000,0.000000,0.000000,0.000000,0.000000,0.188982,0.000000,0.000000,0.000000,0.000000,0.000000,0.000000,0.000000,0.000000,0.000000,0.000000,0.000000,0.000000,0.577350,0.000000,0.000000,1.000000,0.000000,0.000000,0.000000,0.000000,0.500000,0.000000,0.000000,0.000000,0.000000,0.000000,0.968246,0.000000,0.327327,1.000000,0.000000,0.000000,0.000000,0.000000,0.000000,0.000000,1.000000,-0.500000,0.000000,0.000000,0.000000,0.000000,0.000000,0.000000,0.000000,-0.500000,0.000000,0.000000,0.000000,0.000000,1.000000,0.000000,-0.522233,0.000000,0.000000,0.000000,0.000000,0.000000,0.000000,1.000000,0.000000
177432,0.000000,0.000000,0.000000,0.560449,0.000000,0.000000,0.000000,0.000000,1.000000,0.000000,0.000000,0.000000,0.000000,1.000000,0.000000,0.000000,0.000000,0.000000,0.000000,0.000000,0.000000,1.000000,0.000000,0.000000,0.000000,0.000000,0.000000,0.000000,0.000000,1.000000,0.000000,0.000000,1.000000,0.000000,0.000000,0.000000,0.000000,0.000000,0.000000,0.000000,0.802955,-1.000000,0.000000,0.000000,0.166667,0.000000,0.000000,0.000000,0.000000,0.000000,0.000000,0.000000,0.000000,0.000000,0.000000,0.000000,0.000000,0.000000,0.000000,0.000000,1.000000,1.000000,0.000000,0.000000,1.000000,0.000000,0.000000,0.000000,0.000000,0.500000,0.000000,0.000000,0.000000,-1.000000,0.000000,1.000000,0.000000,0.000000,0.000000,0.000000,0.000000,1.000000,0.000000,1.000000,1.000000,0.000000,0.000000,0.000000,0.000000,0.000000,0.000000
187145,0.000000,0.000000,0.000000,-0.493742,0.000000,1.000000,0.000000,0.000000,0.000000,0.000000,0.000000,0.000000,0.000000,0.000000,0.000000,1.000000,0.000000,0.000000,0.000000,0.000000,0.000000,1.000000,0.000000,0.000000,0.000000,0.000000,0.000000,0.000000,0.000000,0.000000,0.000000,0.000000,0.000000,0.000000,1.000000,0.000000,0.000000,0.000000,0.000000,0.000000,0.000000,0.000000,1.000000,0.000000,0.000000,0.000000,0.000000,0.000000,0.000000,0.000000,0.000000,0.000000,0.000000,0.000000,0.000000,-1.000000,0.000000,0.000000,0.000000,0.000000,1.000000,1.000000,0.000000,0.000000,1.000000,0.000000,0.000000,0.000000,0.000000,0.000000,1.000000,0.000000,0.000000,0.000000,0.000000,0.000000,1.000000,0.000000,0.000000,1.000000,0.000000,0.000000,0.000000,0.000000,0.000000,0.000000,0.000000,0.000000,0.000000,1.000000,0.000000
187256,0.000000,0.000000,0.000000,0.221163,0.000000,1.000000,0.000000,-1.000000,0.000000,0.000000,0.000000,0.000000,0.000000,0.000000,0.000000,0.000000,0.000000,0.500000,0.000000,0.000000,0.000000,-1.000000,0.000000,0.000000,0.000000,0.000000,0.000000,0.240192,0.000000,1.000000,1.000000,0.000000,0.944911,0.000000,0.000000,0.000000,0.000000,0.000000,0.000000,0.000000,0.000000,-0.333333,0.000000,1.000000,0.000000,0.000000,0.000000,0.000000,0.000000,0.000000,0.000000,0.000000,0.000000,0.000000,0.000000,0.000000,0.000000,0.000000,1.000000,0.000000,0.000000,0.000000,1.000000,-0.944911,0.000000,-0.944911,-1.000000,1.000000,0.000000,0.000000,1.000000,0.000000,0.000000,0.000000,0.000000,0.000000,0.000000,0.000000,0.000000,0.000000,-1.000000,0.000000,0.000000,0.000000,0.981981,0.000000,0.000000,0.000000,-0.995871,0.074702,0.000000
196077,0.000000,0.000000,0.000000,-0.424641,0.000000,-1.000000,0.000000,1.000000,0.000000,0.000000,1.000000,0.000000,0.000000,0.000000,-1.000000,-1.000000,-0.802955,0.000000,0.000000,0.000000,0.000000,0.000000,0.000000,0.000000,0.000000,0.000000,0.000000,0.000000,1.000000,0.000000,0.000000,0.000000,-1.000000,0.000000,0.000000,0.000000,0.000000,0.000000,0.000000,0.000000,1.000000,-0.397360,0.000000,0.000000,0.000000,0.000000,-0.852803,0.000000,0.000000,0.000000,0.000000,0.000000,0.000000,0.000000,0.000000,0.000000,0.855186,0.000000,-0.956689,0.000000,0.000000,0.000000,-0.944911,1.000000,0.000000,-1.000000,0.688247,0.000000,0.000000,0.000000,1.000000,0.000000,0.000000,0.000000,0.000000,0.944911,-1.000000,0.000000,0.000000,0.000000,0.662266,0.000000,0.000000,0.000000,-1.000000,0.000000,0.000000,1.000000,0.500000,-0.944911,0.000000
200226,0.000000,0.000000,-1.000000,-0.381140,0.000000,0.000000,1.000000,0.000000,0.000000,0.000000,0.000000,0.000000,0.000000,1.000000,0.000000,1.000000,0.000000,0.000000,0.000000,0.000000,0.000000,0.000000,0.000000,0.000000,0.000000,0.000000,0.000000,0.000000,0.000000,0.000000,0.000000,0.000000,1.000000,0.000000,0.000000,0.000000,1.000000,0.000000,0.000000,0.000000,0.000000,0.000000,0.500000,0.000000,0.000000,1.000000,0.426401,0.000000,0.000000,0.000000,0.000000,0.000000,0.000000,0.000000,0.000000,1.000000,0.000000,0.000000,0.000000,0.000000,1.000000,1.000000,0.000000,0.000000,1.000000,0.000000,0.000000,0.000000,0.000000,0.000000,0.000000,0.000000,0.000000,0.000000,0.000000,0.500000,0.000000,0.000000,0.000000,0.000000,0.000000,0.000000,0.000000,-0.500000,1.000000,-0.500000,1.000000,0.000000,1.000000,0.000000,0.000000
203240,0.000000,0.000000,0.000000,0.235160,0.000000,-0.188982,0.000000,0.000000,0.000000,0.000000,0.000000,0.000000,0.000000,0.000000,0.000000,0.000000,0.000000,0.000000,0.000000,0.000000,0.000000,0.000000,0.000000,0.000000,0.000000,1.000000,0.000000,0.000000,-0.188982,-0.327327,0.000000,0.000000,0.953748,0.000000,0.000000,0.000000,0.000000,0.000000,0.000000,0.000000,0.000000,-0.981981,0.000000,0.000000,0.000000,-1.000000,0.000000,0.000000,0.000000,0.000000,-1.000000,0.000000,0.000000,0.000000,0.000000,0.000000,0.000000,0.000000,0.000000,0.000000,0.000000,0.000000,-0.944911,-1.000000,0.000000,1.000000,-0.102062,0.000000,0.000000,0.000000,0.000000,0.000000,1.000000,0.000000,-1.000000,0.000000,-0.188982,0.000000,0.000000,0.000000,-1.000000,0.000000,0.000000,0.000000,0.000000,0.000000,0.000000,0.000000,-1.000000,-1.000000,0.000000
204864,0.683130,0.000000,0.000000,0.000000,0.000000,0.016755,0.000000,1.000000,0.000000,0.000000,0.000000,0.000000,0.000000,0.000000,0.000000,1.000000,0.000000,0.333333,0.000000,0.000000,-1.000000,0.000000,0.000000,0.000000,0.000000,-0.420084,0.000000,-1.000000,1.000000,0.000000,0.000000,0.000000,0.464095,0.000000,0.000000,0.000000,0.000000,0.000000,0.000000,0.000000,0.000000,0.253359,0.000000,1.000000,0.654654,0.000000,0.000000,1.000000,0.000000,0.000000,0.693375,0.000000,1.000000,0.000000,0.000000,0.000000,-1.000000,0.000000,-0.755929,1.000000,0.000000,0.000000,-1.000000,0.688247,0.000000,-0.102062,1.000000,1.000000,0.000000,0.000000,0.000000,0.000000,0.000000,0.000000,0.000000,0.000000,0.917663,0.000000,-0.544705,0.000000,1.000000,0.000000,0.000000,0.000000,-0.866025,0.000000,-0.447214,0.000000,0.000000,-0.816497,0.000000
210485,0.000000,0.000000,-0.500000,0.093330,0.000000,0.492366,0.000000,0.000000,0.000000,0.000000,0.000000,0.000000,0.943880,0.000000,1.000000,0.000000,0.000000,0.000000,0.000000,0.000000,0.000000,-0.866025,0.000000,0.000000,1.000000,0.000000,0.000000,1.000000,-1.000000,0.847826,1.000000,0.000000,0.927173,0.000000,0.000000,0.000000,-0.500000,1.000000,0.000000,0.000000,-0.943456,0.000000,0.000000,-0.866025,0.000000,-1.000000,1.000000,-1.000000,0.000000,0.000000,-0.500000,0.000000,0.000000,0.000000,1.000000,1.000000,0.866025,-0.174078,-1.000000,-0.500000,0.000000,0.000000,1.000000,0.000000,0.000000,0.000000,1.000000,1.000000,0.000000,0.000000,0.000000,0.755929,0.000000,0.000000,1.000000,0.000000,0.944911,0.000000,0.188982,0.000000,0.000000,0.000000,1.000000,0.000000,0.500000,-1.000000,-1.000000,0.000000,0.000000,0.000000,0.327327
211426,0.000000,0.000000,1.000000,0.422577,0.000000,0.000000,1.000000,0.000000,0.174078,0.000000,0.000000,0.000000,0.000000,0.000000,0.000000,1.000000,0.000000,0.000000,0.000000,0.000000,0.000000,0.000000,0.000000,-1.000000,0.000000,0.000000,0.000000,0.000000,0.000000,0.000000,0.000000,0.866025,0.000000,0.000000,0.000000,0.000000,0.000000,0.000000,0.000000,0.000000,0.000000,1.000000,0.000000,0.000000,-0.755929,0.000000,0.000000,0.000000,0.000000,0.000000,0.000000,-0.981981,0.000000,0.000000,0.000000,0.000000,0.000000,0.000000,0.000000,0.000000,0.000000,0.000000,0.000000,0.000000,0.000000,0.000000,0.000000,0.000000,1.000000,0.000000,0.000000,0.000000,0.000000,0.000000,0.000000,0.408248,0.000000,0.000000,0.000000,0.000000,0.000000,0.000000,-0.397360,0.000000,-0.866025,0.000000,0.000000,0.000000,-0.866025,0.000000,0.000000
214786,0.000000,0.000000,-0.333333,0.383023,0.000000,0.000000,0.000000,0.000000,1.000000,0.000000,0.000000,0.000000,0.000000,0.000000,0.000000,0.000000,0.000000,0.000000,0.000000,0.000000,0.000000,0.000000,0.000000,0.000000,0.000000,-1.000000,0.000000,0.000000,0.000000,0.000000,0.000000,0.000000,0.000000,0.000000,0.000000,0.000000,0.000000,0.000000,0.000000,0.000000,0.816497,0.000000,0.000000,0.000000,0.108465,0.000000,0.000000,0.000000,0.000000,0.000000,0.000000,0.000000,0.000000,1.000000,0.000000,0.000000,0.000000,0.000000,0.000000,0.000000,0.500000,0.000000,0.000000,0.000000,0.000000,0.000000,0.000000,0.000000,0.000000,1.000000,0.000000,0.000000,0.000000,-1.000000,0.000000,-0.500000,0.000000,-0.904534,0.000000,-1.000000,0.000000,0.526152,0.872872,0.000000,0.000000,1.000000,0.000000,1.000000,0.000000,0.000000,0.000000
220688,0.000000,0.000000,0.000000,0.366432,0.000000,0.000000,0.000000,0.000000,0.000000,0.000000,1.000000,0.000000,0.000000,0.000000,-0.683130,1.000000,0.000000,0.000000,0.000000,0.000000,0.000000,0.000000,0.000000,0.000000,0.000000,0.000000,0.000000,1.000000,0.000000,0.000000,0.000000,0.000000,0.000000,0.000000,0.000000,0.000000,0.000000,0.000000,0.000000,0.000000,0.000000,0.000000,0.000000,0.000000,0.000000,0.000000,0.000000,0.000000,0.000000,0.000000,0.000000,0.000000,0.000000,0.000000,0.000000,0.000000,-0.277350,0.000000,-0.500000,0.000000,0.000000,1.000000,1.000000,1.000000,0.000000,0.000000,0.000000,0.000000,0.000000,0.000000,1.000000,0.000000,0.000000,0.000000,0.000000,0.316228,0.000000,0.000000,0.000000,0.000000,0.000000,0.000000,0.000000,0.000000,0.000000,0.000000,0.000000,0.000000,0.000000,0.993399,0.000000
224349,0.000000,0.000000,0.000000,-0.580948,0.000000,1.000000,0.000000,1.000000,0.000000,0.000000,0.000000,0.000000,1.000000,0.000000,0.000000,0.000000,0.000000,0.000000,0.000000,0.000000,0.000000,0.000000,0.000000,0.000000,1.000000,0.000000,0.000000,0.000000,0.000000,0.000000,0.000000,0.000000,-0.912871,0.000000,0.000000,1.000000,0.000000,1.000000,0.000000,0.000000,0.000000,0.000000,0.000000,0.000000,0.000000,1.000000,0.000000,0.000000,0.000000,0.000000,0.000000,0.000000,0.000000,0.000000,1.000000,0.000000,0.000000,0.000000,0.000000,0.000000,0.000000,0.000000,0.000000,0.000000,0.000000,0.000000,0.000000,0.755929,0.000000,0.000000,0.000000,1.000000,0.000000,0.000000,0.000000,0.000000,0.000000,0.000000,0.000000,0.000000,0.000000,0.000000,0.000000,0.000000,0.000000,0.000000,0.000000,0.000000,0.000000,0.000000,0.000000
225763,0.000000,1.000000,0.774597,-0.231455,0.000000,0.716977,0.000000,0.000000,0.000000,0.000000,0.000000,0.000000,0.000000,0.000000,0.000000,0.000000,0.755929,0.000000,0.000000,0.000000,0.000000,0.000000,0.000000,0.000000,0.000000,0.000000,0.000000,0.000000,0.000000,0.500000,0.000000,0.000000,-0.872872,0.000000,0.000000,0.000000,0.000000,-1.000000,0.000000,0.000000,0.000000,-0.577350,0.000000,0.000000,-1.000000,0.000000,0.000000,0.500000,0.000000,0.000000,0.000000,1.000000,0.000000,1.000000,0.000000,0.000000,0.000000,0.000000,0.000000,0.000000,0.000000,0.000000,0.000000,0.000000,0.000000,1.000000,0.000000,0.000000,0.000000,0.000000,0.000000,0.000000,1.000000,0.000000,-1.000000,0.000000,-1.000000,-1.000000,0.755929,0.000000,0.000000,0.000000,0.000000,-0.500000,0.000000,0.000000,-0.755929,0.000000,0.000000,0.000000,0.000000
226965,0.000000,0.000000,0.000000,0.118125,0.000000,-1.000000,0.000000,0.000000,0.000000,0.000000,0.000000,0.000000,0.000000,0.000000,0.000000,0.000000,0.000000,0.000000,0.000000,0.000000,0.000000,0.000000,0.000000,0.000000,0.000000,0.000000,0.000000,0.000000,0.000000,0.000000,0.000000,0.000000,0.944911,0.000000,0.000000,0.000000,0.000000,0.000000,0.000000,0.000000,0.000000,0.000000,0.000000,0.000000,0.000000,0.000000,0.000000,0.000000,0.000000,0.000000,0.000000,0.000000,0.000000,0.000000,0.000000,0.000000,1.000000,0.000000,0.000000,0.000000,-1.000000,0.000000,0.000000,0.000000,0.000000,0.000000,0.000000,0.000000,0.000000,-1.000000,0.000000,0.000000,0.000000,1.000000,1.000000,0.000000,0.000000,0.000000,0.000000,0.000000,0.000000,0.000000,0.000000,0.000000,0.000000,0.000000,0.000000,0.000000,0.000000,0.000000,0.000000
227705,-1.000000,0.000000,0.000000,-0.438874,-1.000000,0.410792,0.000000,0.000000,0.000000,0.000000,0.000000,0.000000,0.000000,1.000000,0.000000,0.122628,0.000000,0.000000,0.000000,0.000000,0.000000,0.000000,0.944911,0.000000,-1.000000,0.000000,1.000000,0.000000,-0.944911,0.500000,0.000000,0.000000,0.000000,0.000000,0.000000,0.000000,0.831522,1.000000,0.000000,-0.693375,0.500000,0.000000,0.000000,1.000000,-0.512989,1.000000,0.777714,1.000000,0.000000,0.000000,0.000000,0.000000,0.000000,0.000000,0.000000,0.188982,0.000000,0.000000,0.000000,0.000000,0.000000,0.000000,0.000000,0.000000,0.000000,-1.000000,0.000000,1.000000,0.000000,0.000000,0.000000,0.000000,-1.000000,1.000000,1.000000,-1.000000,1.000000,0.904534,0.000000,0.000000,0.000000,0.000000,0.402015,0.000000,-0.500000,0.000000,0.000000,0.000000,1.000000,0.000000,0.000000
229741,0.000000,0.000000,-0.755929,-0.176434,0.000000,-0.500000,-1.000000,0.500000,1.000000,-1.000000,0.000000,-0.500000,-1.000000,0.000000,0.750194,0.000000,0.000000,0.000000,0.000000,0.000000,0.000000,0.327327,0.000000,0.000000,1.000000,0.816497,0.000000,0.000000,0.000000,0.142857,0.000000,0.000000,0.707107,0.866025,0.000000,-0.970725,0.000000,0.000000,-1.000000,0.000000,0.000000,-1.000000,0.774597,0.000000,-0.870388,1.000000,0.000000,0.000000,0.000000,0.000000,0.000000,-0.866025,0.000000,0.000000,0.000000,0.000000,-0.527046,0.000000,-0.707107,-0.500000,1.000000,0.000000,0.000000,0.944911,0.500000,0.000000,0.000000,0.000000,0.408248,-0.500000,0.316228,0.000000,0.000000,0.000000,-1.000000,1.000000,0.000000,0.000000,0.000000,0.000000,0.000000,0.000000,-0.539319,0.000000,-0.322749,0.000000,0.000000,0.000000,1.000000,0.342997,0.000000
231210,0.000000,0.000000,0.000000,-0.405287,0.000000,-0.968496,0.000000,0.000000,0.000000,0.000000,0.000000,0.000000,0.000000,0.000000,0.000000,0.000000,0.000000,0.000000,1.000000,0.000000,0.000000,0.000000,0.000000,0.000000,0.000000,-1.000000,0.000000,0.000000,0.000000,0.000000,0.000000,0.000000,0.809312,0.000000,0.000000,0.000000,-0.577350,0.000000,0.000000,0.000000,0.000000,-0.755929,0.000000,1.000000,0.000000,-1.000000,1.000000,0.000000,0.000000,0.000000,0.000000,0.000000,0.000000,0.000000,0.000000,0.000000,0.000000,0.000000,0.000000,0.000000,0.000000,1.000000,0.000000,-1.000000,0.000000,-0.188982,0.917663,0.944911,0.000000,0.000000,0.000000,0.000000,-1.000000,0.000000,1.000000,0.000000,1.000000,0.000000,0.755929,1.000000,0.000000,0.000000,0.000000,0.000000,0.000000,0.000000,1.000000,0.000000,1.000000,0.000000,0.000000
232945,0.000000,0.000000,0.500000,-0.158114,0.000000,-0.878310,0.000000,0.000000,0.000000,0.000000,0.408248,0.000000,0.000000,0.000000,0.000000,0.000000,0.000000,0.000000,0.000000,0.000000,0.000000,0.000000,0.000000,0.000000,0.000000,0.000000,0.000000,0.000000,0.000000,0.000000,0.000000,0.000000,0.000000,0.000000,0.000000,-1.000000,0.169031,0.000000,0.000000,0.000000,0.000000,1.000000,0.000000,0.000000,0.577350,0.000000,0.000000,0.000000,0.000000,0.000000,0.000000,0.000000,0.000000,0.000000,0.000000,0.000000,0.000000,1.000000,0.000000,0.000000,0.000000,0.000000,0.000000,0.000000,0.000000,0.000000,0.000000,0.000000,0.000000,-0.904534,0.000000,0.000000,-1.000000,0.000000,0.904534,0.000000,0.000000,1.000000,0.000000,0.000000,0.000000,0.000000,-0.500000,0.000000,0.000000,1.000000,0.000000,-1.000000,0.000000,0.000000,0.000000
235282,0.000000,0.000000,0.000000,-0.146868,0.000000,-0.866025,0.000000,0.000000,0.000000,0.000000,0.000000,0.000000,0.000000,0.000000,0.000000,-1.000000,-1.000000,-1.000000,0.000000,0.000000,0.000000,0.000000,0.000000,0.000000,0.000000,1.000000,0.000000,0.000000,0.000000,-1.000000,0.000000,0.000000,-0.962250,0.000000,0.000000,0.000000,-1.000000,0.000000,0.000000,1.000000,0.000000,0.000000,0.000000,-1.000000,0.000000,0.000000,1.000000,0.500000,0.000000,-1.000000,1.000000,0.000000,0.000000,0.000000,0.000000,0.000000,0.000000,-1.000000,0.000000,0.000000,0.000000,0.000000,0.000000,0.000000,0.000000,0.000000,-0.544705,0.188982,0.000000,0.000000,0.000000,0.000000,0.755929,0.000000,0.000000,0.000000,0.755929,0.000000,1.000000,0.000000,0.000000,0.000000,0.000000,0.000000,0.000000,0.000000,-0.538382,0.000000,0.917663,0.000000,0.000000
236340,0.000000,0.000000,0.000000,-0.192450,0.852803,-0.500000,0.000000,0.000000,-1.000000,0.000000,0.000000,0.000000,0.000000,1.000000,1.000000,1.000000,1.000000,0.000000,0.000000,0.000000,0.000000,0.755929,0.000000,0.693375,0.000000,0.000000,0.000000,0.000000,0.000000,0.000000,0.000000,0.000000,0.755929,0.000000,1.000000,0.099286,0.373878,0.000000,0.000000,0.000000,-0.500000,0.000000,-0.866025,0.000000,-0.301511,0.500000,-0.188982,1.000000,0.000000,0.000000,0.000000,1.000000,0.000000,-0.944911,0.000000,-0.500000,0.000000,0.802955,0.000000,0.000000,0.000000,1.000000,0.000000,0.000000,0.000000,0.000000,0.000000,0.000000,0.000000,-1.000000,0.000000,0.000000,0.000000,0.000000,0.000000,0.000000,1.000000,0.000000,0.000000,1.000000,0.000000,0.000000,0.866025,0.000000,0.000000,0.066299,-1.000000,0.000000,0.000000,0.000000,0.000000
236757,1.000000,0.000000,0.000000,-0.109764,0.000000,0.866025,0.000000,1.000000,0.000000,0.000000,0.000000,0.000000,0.000000,-1.000000,0.000000,0.000000,1.000000,0.000000,0.000000,0.000000,0.000000,0.000000,0.000000,0.000000,0.000000,0.000000,0.000000,0.000000,1.000000,0.000000,0.000000,0.000000,-0.539969,0.000000,0.000000,0.000000,0.000000,0.000000,0.000000,0.000000,0.000000,-0.802955,0.000000,0.000000,1.000000,0.981981,0.000000,1.000000,0.000000,0.000000,0.000000,1.000000,0.000000,0.000000,0.000000,0.000000,0.000000,0.000000,-0.995871,1.000000,0.000000,0.000000,-1.000000,0.662266,0.000000,-1.000000,1.000000,0.000000,0.000000,0.000000,0.000000,0.000000,0.000000,0.000000,0.000000,0.000000,0.000000,0.000000,0.000000,0.000000,1.000000,0.000000,-0.987829,1.000000,-0.707107,0.000000,0.000000,0.000000,0.577350,-1.000000,0.000000
241980,0.000000,0.000000,-1.000000,-0.065478,0.000000,-0.174078,0.000000,0.000000,0.000000,0.000000,0.000000,0.000000,0.000000,0.333333,0.000000,0.000000,0.000000,0.000000,0.000000,0.000000,0.000000,0.000000,0.000000,0.000000,0.000000,0.000000,0.000000,0.000000,0.000000,0.000000,0.000000,0.000000,0.000000,0.000000,0.000000,0.000000,1.000000,0.000000,0.000000,0.000000,0.447214,0.000000,0.000000,0.000000,0.654654,0.000000,0.000000,0.000000,0.000000,0.000000,0.000000,0.000000,0.000000,0.000000,-1.000000,-0.500000,0.000000,0.000000,0.000000,0.000000,1.000000,0.000000,0.000000,0.000000,0.000000,0.000000,0.000000,0.000000,0.000000,0.526152,0.000000,0.000000,0.000000,0.000000,0.000000,0.000000,0.000000,0.000000,0.000000,0.000000,0.000000,1.000000,0.000000,0.000000,0.000000,0.800641,1.000000,1.000000,0.000000,0.000000,0.000000
242083,1.000000,0.000000,-1.000000,-0.141731,0.870388,0.161165,0.000000,0.000000,-0.802955,0.000000,0.000000,-0.188982,0.000000,0.000000,0.000000,0.557370,0.000000,0.000000,0.000000,0.000000,0.000000,0.944911,0.654654,0.000000,1.000000,0.000000,0.000000,0.000000,0.188982,0.000000,0.000000,0.000000,0.000000,-0.866025,-1.000000,0.324443,0.811679,0.000000,1.000000,0.000000,-0.388497,0.000000,-1.000000,0.000000,-0.488570,-0.264575,0.000000,-1.000000,0.000000,0.000000,-1.000000,0.246183,0.000000,-0.878310,0.866025,-0.210042,1.000000,0.000000,0.000000,-0.522233,0.000000,0.000000,0.000000,0.000000,0.000000,0.000000,0.000000,1.000000,-0.397360,0.872872,0.000000,0.000000,0.000000,0.000000,0.402015,-0.539319,0.000000,-0.500000,0.000000,0.866025,-0.987829,0.000000,1.000000,-1.000000,0.421263,0.000000,-0.055989,1.000000,0.000000,0.000000,-1.000000
245410,1.000000,0.000000,0.000000,-0.384111,0.000000,0.000000,0.000000,0.000000,0.866025,0.000000,0.000000,0.000000,0.000000,-0.500000,0.000000,0.188982,0.000000,0.000000,0.000000,0.000000,0.000000,0.000000,0.000000,0.000000,0.000000,0.000000,0.000000,0.000000,0.000000,0.000000,0.000000,0.000000,0.816497,0.000000,0.000000,0.000000,0.000000,0.000000,0.000000,0.000000,0.000000,1.000000,0.000000,0.000000,0.188982,0.000000,-0.577350,0.000000,0.000000,0.000000,0.000000,0.000000,0.000000,1.000000,0.000000,0.000000,1.000000,0.000000,0.000000,0.000000,1.000000,0.000000,0.000000,0.000000,-0.500000,0.000000,0.000000,0.000000,0.000000,0.000000,0.000000,0.000000,-0.500000,0.000000,0.000000,0.000000,0.000000,0.000000,0.000000,0.000000,1.000000,0.000000,-1.000000,1.000000,-0.097590,0.612372,0.000000,0.000000,0.000000,0.000000,1.000000
255489,0.000000,0.000000,0.000000,0.094283,0.000000,-1.000000,0.000000,0.000000,0.500000,1.000000,0.000000,0.000000,0.000000,0.500000,1.000000,-0.981981,0.000000,0.000000,-1.000000,0.000000,0.000000,0.000000,0.000000,0.000000,0.000000,0.000000,0.000000,0.000000,0.000000,0.157243,1.000000,0.000000,0.678823,0.000000,0.000000,-1.000000,0.500000,0.000000,1.000000,0.000000,1.000000,0.132453,-0.188982,0.000000,0.946100,-1.000000,0.000000,-0.670820,0.000000,0.000000,-1.000000,0.500000,0.000000,0.500000,0.000000,1.000000,0.000000,0.866025,1.000000,0.000000,1.000000,0.000000,0.981981,-1.000000,1.000000,0.000000,-0.866025,0.500000,-0.866025,0.000000,0.000000,0.000000,0.000000,0.000000,-0.500000,-0.322749,0.000000,0.000000,0.000000,0.000000,-0.707107,0.000000,0.421263,-0.097590,1.000000,0.000000,0.188982,0.000000,-1.000000,0.000000,-1.000000
258534,0.000000,0.500000,0.000000,-0.378326,0.000000,-0.657143,0.000000,0.000000,0.000000,-1.000000,-0.500000,0.000000,0.000000,1.000000,0.000000,0.000000,-1.000000,0.000000,0.000000,0.000000,0.000000,0.000000,0.000000,1.000000,0.000000,0.000000,0.000000,0.000000,0.000000,0.000000,-1.000000,0.000000,-1.000000,0.000000,0.000000,0.000000,-0.565217,0.000000,0.000000,0.000000,-1.000000,0.000000,0.000000,0.000000,0.500000,0.000000,-0.388514,0.000000,0.000000,0.000000,0.000000,0.000000,0.000000,0.866025,0.000000,-0.816497,0.000000,0.000000,0.000000,0.000000,0.000000,0.000000,0.000000,0.000000,-0.500000,0.000000,0.000000,-1.000000,0.000000,1.000000,0.000000,0.000000,0.000000,0.000000,0.000000,0.000000,0.000000,1.000000,0.000000,0.066299,0.000000,0.800641,0.000000,0.612372,0.000000,1.000000,0.000000,0.500000,0.000000,1.000000,0.000000
261829,0.000000,0.000000,0.000000,0.157483,0.000000,-0.319801,0.000000,0.000000,0.000000,0.000000,0.000000,0.000000,0.000000,0.000000,0.000000,0.000000,0.000000,-1.000000,0.000000,0.000000,0.000000,0.000000,0.000000,0.000000,0.000000,0.000000,0.000000,0.000000,0.000000,0.000000,-1.000000,0.000000,0.189389,0.000000,0.000000,-1.000000,0.547399,0.000000,0.000000,0.000000,0.000000,0.577350,1.000000,-0.866025,0.000000,0.000000,0.000000,0.000000,0.000000,0.000000,0.000000,1.000000,0.500000,0.000000,0.000000,0.000000,-0.866025,0.000000,0.000000,0.000000,0.000000,0.000000,0.000000,0.000000,1.000000,0.000000,-0.447214,-1.000000,0.000000,0.000000,0.000000,0.000000,-0.755929,0.000000,0.000000,0.000000,1.000000,0.000000,-0.538382,-1.000000,0.000000,1.000000,-0.055989,0.000000,0.188982,0.000000,1.000000,0.000000,1.000000,0.000000,0.000000
265115,0.000000,0.000000,-1.000000,0.618025,0.000000,0.000000,0.000000,0.000000,0.000000,0.000000,1.000000,0.000000,0.000000,0.000000,-1.000000,0.000000,-1.000000,0.000000,0.000000,0.000000,0.000000,0.000000,0.000000,0.000000,0.000000,0.000000,0.000000,0.000000,0.000000,0.000000,0.000000,0.000000,1.000000,0.000000,0.000000,1.000000,0.000000,0.000000,0.000000,-1.000000,0.000000,0.412514,0.000000,0.000000,1.000000,0.866025,0.000000,0.000000,0.000000,0.000000,0.000000,0.000000,0.000000,0.000000,1.000000,0.000000,0.866025,0.000000,-1.000000,0.000000,0.000000,0.000000,0.000000,1.000000,0.000000,0.000000,0.000000,0.000000,0.000000,1.000000,0.000000,0.000000,0.000000,0.000000,0.000000,0.000000,0.000000,-1.000000,0.000000,0.000000,0.000000,1.000000,1.000000,0.000000,0.000000,0.500000,0.000000,1.000000,0.000000,0.000000,0.000000
270713,0.000000,0.000000,-0.654654,-0.339855,1.000000,-0.080064,0.000000,1.000000,0.000000,0.000000,0.000000,0.000000,0.000000,0.000000,-1.000000,1.000000,-1.000000,0.000000,0.000000,0.000000,0.000000,0.000000,0.000000,0.000000,0.000000,0.000000,0.000000,0.000000,0.000000,0.000000,-1.000000,0.000000,0.000000,0.000000,0.000000,0.000000,-1.000000,0.000000,0.000000,1.000000,0.000000,0.192450,0.000000,0.000000,0.000000,0.000000,0.000000,0.000000,0.000000,0.000000,0.000000,0.000000,0.000000,0.000000,1.000000,0.000000,0.000000,0.000000,-1.000000,0.000000,0.000000,0.000000,-0.995871,0.500000,1.000000,-1.000000,0.000000,0.000000,-0.866025,0.000000,0.000000,0.000000,0.000000,0.000000,1.000000,1.000000,1.000000,0.000000,0.917663,0.000000,0.577350,0.000000,0.000000,0.000000,-1.000000,0.000000,1.000000,0.000000,1.000000,-1.000000,0.000000
271448,0.000000,0.000000,0.000000,0.240723,0.000000,0.054866,1.000000,0.000000,0.000000,0.000000,0.000000,0.000000,0.000000,0.000000,0.000000,0.000000,0.000000,0.970725,0.000000,0.000000,0.000000,0.000000,-0.188982,0.000000,0.000000,0.000000,0.000000,1.000000,-1.000000,0.000000,0.000000,1.000000,-0.166667,0.000000,0.000000,0.000000,0.000000,0.000000,0.000000,0.000000,0.000000,-0.981981,0.866025,0.000000,-0.188982,0.589768,0.000000,0.000000,0.000000,0.000000,-0.500000,-0.500000,0.000000,0.000000,0.000000,0.000000,-1.000000,0.000000,-0.428571,1.000000,0.000000,1.000000,0.074702,-0.944911,0.000000,-1.000000,-0.816497,0.000000,0.000000,0.000000,0.993399,0.000000,0.000000,0.000000,0.000000,0.342997,0.000000,0.000000,0.000000,0.000000,-1.000000,0.000000,0.000000,0.000000,0.000000,1.000000,0.000000,0.000000,-1.000000,1.000000,0.000000
274004,0.000000,0.000000,0.000000,-0.016062,0.000000,-1.000000,0.000000,0.000000,0.000000,0.000000,1.000000,0.000000,0.000000,0.000000,0.000000,0.000000,0.000000,0.000000,0.000000,0.000000,0.000000,0.000000,-1.000000,0.000000,0.000000,0.000000,0.000000,0.000000,0.000000,-0.944911,0.000000,0.000000,0.522233,0.000000,0.000000,0.000000,0.000000,0.000000,1.000000,0.000000,0.000000,0.000000,0.000000,0.000000,0.000000,0.000000,0.000000,0.000000,0.000000,0.000000,0.000000,0.000000,0.000000,0.000000,0.981981,0.000000,0.000000,0.866025,0.000000,0.000000,0.000000,0.000000,0.000000,0.000000,0.000000,0.000000,0.000000,0.327327,0.000000,0.000000,0.000000,0.000000,0.000000,0.000000,0.000000,0.000000,0.000000,0.000000,0.000000,0.000000,0.000000,0.000000,-1.000000,1.000000,-1.000000,0.000000,0.000000,0.000000,0.000000,0.000000,1.000000
